Filename,WindSpeed
2024al02_4kmirimg_202406281910.jpg,35
2024al02_4kmirimg_202406281920.jpg,35
2024al02_4kmirimg_202406281930.jpg,35
2024al02_4kmirimg_202406281940.jpg,35
2024al02_4kmirimg_202406281950.jpg,35
2024al02_4kmirimg_202406282000.jpg,35
2024al02_4kmirimg_202406282010.jpg,35
2024al02_4kmirimg_202406282020.jpg,35
2024al02_4kmirimg_202406282030.jpg,35
2024al02_4kmirimg_202406282040.jpg,35
2024al02_4kmirimg_202406282050.jpg,35
2024al02_4kmirimg_202406282100.jpg,35
2024al02_4kmirimg_202406282110.jpg,35
2024al02_4kmirimg_202406282120.jpg,35
2024al02_4kmirimg_202406282130.jpg,35
2024al02_4kmirimg_202406282140.jpg,35
2024al02_4kmirimg_202406282150.jpg,35
2024al02_4kmirimg_202406282200.jpg,35
2024al02_4kmirimg_202406282210.jpg,35
2024al02_4kmirimg_202406282220.jpg,35
2024al02_4kmirimg_202406282230.jpg,35
2024al02_4kmirimg_202406282240.jpg,35
2024al02_4kmirimg_202406282250.jpg,35
2024al02_4kmirimg_202406282300.jpg,35
2024al02_4kmirimg_202406282310.jpg,35
2024al02_4kmirimg_202406282320.jpg,35
2024al02_4kmirimg_202406282330.jpg,35
2024al02_4kmirimg_202406282340.jpg,35
2024al02_4kmirimg_202406282350.jpg,35
2024al02_4kmirimg_202406290000.jpg,65
2024al02_4kmirimg_202406290010.jpg,65
2024al02_4kmirimg_202406290020.jpg,65
2024al02_4kmirimg_202406290030.jpg,65
2024al02_4kmirimg_202406290040.jpg,65
2024al02_4kmirimg_202406290050.jpg,65
2024al02_4kmirimg_202406290100.jpg,65
2024al02_4kmirimg_202406290110.jpg,65
2024al02_4kmirimg_202406290120.jpg,65
2024al02_4kmirimg_202406290130.jpg,65
2024al02_4kmirimg_202406290140.jpg,65
2024al02_4kmirimg_202406290150.jpg,65
2024al02_4kmirimg_202406290200.jpg,65
2024al02_4kmirimg_202406290210.jpg,65
2024al02_4kmirimg_202406290220.jpg,65
2024al02_4kmirimg_202406290230.jpg,65
2024al02_4kmirimg_202406290240.jpg,65
2024al02_4kmirimg_202406290250.jpg,65
2024al02_4kmirimg_202406290300.jpg,65
2024al02_4kmirimg_202406290310.jpg,65
2024al02_4kmirimg_202406290320.jpg,65
2024al02_4kmirimg_202406290330.jpg,65
2024al02_4kmirimg_202406290340.jpg,65
2024al02_4kmirimg_202406290350.jpg,65
2024al02_4kmirimg_202406290400.jpg,65
2024al02_4kmirimg_202406290410.jpg,65
2024al02_4kmirimg_202406290420.jpg,65
2024al02_4kmirimg_202406290430.jpg,65
2024al02_4kmirimg_202406290440.jpg,65
2024al02_4kmirimg_202406290450.jpg,65
2024al02_4kmirimg_202406290500.jpg,65
2024al02_4kmirimg_202406290510.jpg,65
2024al02_4kmirimg_202406290520.jpg,65
2024al02_4kmirimg_202406290530.jpg,65
2024al02_4kmirimg_202406290540.jpg,65
2024al02_4kmirimg_202406290550.jpg,65
2024al02_4kmirimg_202406290600.jpg,65
2024al02_4kmirimg_202406290610.jpg,65
2024al02_4kmirimg_202406290620.jpg,65
2024al02_4kmirimg_202406290630.jpg,65
2024al02_4kmirimg_202406290640.jpg,65
2024al02_4kmirimg_202406290650.jpg,65
2024al02_4kmirimg_202406290700.jpg,65
2024al02_4kmirimg_202406290710.jpg,65
2024al02_4kmirimg_202406290720.jpg,65
2024al02_4kmirimg_202406290730.jpg,65
2024al02_4kmirimg_202406290740.jpg,65
2024al02_4kmirimg_202406290750.jpg,65
2024al02_4kmirimg_202406290800.jpg,65
2024al02_4kmirimg_202406290810.jpg,65
2024al02_4kmirimg_202406290820.jpg,65
2024al02_4kmirimg_202406290830.jpg,65
2024al02_4kmirimg_202406290840.jpg,65
2024al02_4kmirimg_202406290850.jpg,65
2024al02_4kmirimg_202406290900.jpg,65
2024al02_4kmirimg_202406290910.jpg,65
2024al02_4kmirimg_202406290920.jpg,65
2024al02_4kmirimg_202406290930.jpg,65
2024al02_4kmirimg_202406291010.jpg,65
2024al02_4kmirimg_202406291020.jpg,65
2024al02_4kmirimg_202406291030.jpg,65
2024al02_4kmirimg_202406291040.jpg,65
2024al02_4kmirimg_202406291050.jpg,65
2024al02_4kmirimg_202406291100.jpg,65
2024al02_4kmirimg_202406291110.jpg,65
2024al02_4kmirimg_202406291120.jpg,65
2024al02_4kmirimg_202406291130.jpg,65
2024al02_4kmirimg_202406291140.jpg,65
2024al02_4kmirimg_202406291150.jpg,65
2024al02_4kmirimg_202406291200.jpg,65
2024al02_4kmirimg_202406291210.jpg,65
2024al02_4kmirimg_202406291220.jpg,65
2024al02_4kmirimg_202406291230.jpg,65
2024al02_4kmirimg_202406291240.jpg,65
2024al02_4kmirimg_202406291250.jpg,65
2024al02_4kmirimg_202406291300.jpg,65
2024al02_4kmirimg_202406291310.jpg,65
2024al02_4kmirimg_202406291320.jpg,65
2024al02_4kmirimg_202406291330.jpg,65
2024al02_4kmirimg_202406291340.jpg,65
2024al02_4kmirimg_202406291450.jpg,65
2024al02_4kmirimg_202406291500.jpg,65
2024al02_4kmirimg_202406291510.jpg,65
2024al02_4kmirimg_202406291520.jpg,65
2024al02_4kmirimg_202406291530.jpg,65
2024al02_4kmirimg_202406291540.jpg,65
2024al02_4kmirimg_202406291550.jpg,65
2024al02_4kmirimg_202406291600.jpg,65
2024al02_4kmirimg_202406291610.jpg,65
2024al02_4kmirimg_202406291620.jpg,65
2024al02_4kmirimg_202406291630.jpg,65
2024al02_4kmirimg_202406291640.jpg,65
2024al02_4kmirimg_202406291650.jpg,65
2024al02_4kmirimg_202406291700.jpg,65
2024al02_4kmirimg_202406291710.jpg,65
2024al02_4kmirimg_202406291720.jpg,65
2024al02_4kmirimg_202406291730.jpg,65
2024al02_4kmirimg_202406291740.jpg,65
2024al02_4kmirimg_202406291750.jpg,65
2024al02_4kmirimg_202406291800.jpg,65
2024al02_4kmirimg_202406291810.jpg,65
2024al02_4kmirimg_202406291820.jpg,65
2024al02_4kmirimg_202406291830.jpg,65
2024al02_4kmirimg_202406291840.jpg,65
2024al02_4kmirimg_202406291850.jpg,65
2024al02_4kmirimg_202406291900.jpg,65
2024al02_4kmirimg_202406291910.jpg,65
2024al02_4kmirimg_202406291920.jpg,65
2024al02_4kmirimg_202406291930.jpg,65
2024al02_4kmirimg_202406291940.jpg,65
2024al02_4kmirimg_202406292030.jpg,65
2024al02_4kmirimg_202406292040.jpg,65
2024al02_4kmirimg_202406292050.jpg,65
2024al02_4kmirimg_202406292100.jpg,65
2024al02_4kmirimg_202406292110.jpg,65
2024al02_4kmirimg_202406300030.jpg,115
2024al02_4kmirimg_202406300040.jpg,115
2024al02_4kmirimg_202406300050.jpg,115
2024al02_4kmirimg_202406300100.jpg,115
2024al02_4kmirimg_202406300110.jpg,115
2024al02_4kmirimg_202406300120.jpg,115
2024al02_4kmirimg_202406300130.jpg,115
2024al02_4kmirimg_202406300140.jpg,115
2024al02_4kmirimg_202406300150.jpg,115
2024al02_4kmirimg_202406300200.jpg,115
2024al02_4kmirimg_202406300210.jpg,115
2024al02_4kmirimg_202406300220.jpg,115
2024al02_4kmirimg_202406300230.jpg,115
2024al02_4kmirimg_202406300240.jpg,115
2024al02_4kmirimg_202406300250.jpg,115
2024al02_4kmirimg_202406300300.jpg,115
2024al02_4kmirimg_202406300310.jpg,115
2024al02_4kmirimg_202406300320.jpg,115
2024al02_4kmirimg_202406300330.jpg,115
2024al02_4kmirimg_202406300340.jpg,115
2024al02_4kmirimg_202406300350.jpg,115
2024al02_4kmirimg_202406300400.jpg,115
2024al02_4kmirimg_202406300410.jpg,115
2024al02_4kmirimg_202406300420.jpg,115
2024al02_4kmirimg_202406300430.jpg,115
2024al02_4kmirimg_202406300440.jpg,115
2024al02_4kmirimg_202406300450.jpg,115
2024al02_4kmirimg_202406300500.jpg,115
2024al02_4kmirimg_202406300510.jpg,115
2024al02_4kmirimg_202406300520.jpg,115
2024al02_4kmirimg_202406300530.jpg,115
2024al02_4kmirimg_202406300540.jpg,115
2024al02_4kmirimg_202406300550.jpg,115
2024al02_4kmirimg_202406300600.jpg,115
2024al02_4kmirimg_202406300610.jpg,115
2024al02_4kmirimg_202406300620.jpg,115
2024al02_4kmirimg_202406300630.jpg,115
2024al02_4kmirimg_202406300640.jpg,115
2024al02_4kmirimg_202406300650.jpg,115
2024al02_4kmirimg_202406300700.jpg,115
2024al02_4kmirimg_202406300710.jpg,115
2024al02_4kmirimg_202406300720.jpg,115
2024al02_4kmirimg_202406300730.jpg,115
2024al02_4kmirimg_202406300740.jpg,115
2024al02_4kmirimg_202406300750.jpg,115
2024al02_4kmirimg_202406300800.jpg,115
2024al02_4kmirimg_202406300810.jpg,115
2024al02_4kmirimg_202406300820.jpg,115
2024al02_4kmirimg_202406300830.jpg,115
2024al02_4kmirimg_202406300840.jpg,115
2024al02_4kmirimg_202406300850.jpg,115
2024al02_4kmirimg_202406300900.jpg,115
2024al02_4kmirimg_202406300910.jpg,115
2024al02_4kmirimg_202406300920.jpg,115
2024al02_4kmirimg_202406300930.jpg,115
2024al02_4kmirimg_202406300940.jpg,115
2024al02_4kmirimg_202406300950.jpg,115
2024al02_4kmirimg_202406301000.jpg,115
2024al02_4kmirimg_202406301010.jpg,115
2024al02_4kmirimg_202406301020.jpg,115
2024al02_4kmirimg_202406301030.jpg,115
2024al02_4kmirimg_202406301040.jpg,115
2024al02_4kmirimg_202406301050.jpg,115
2024al02_4kmirimg_202406301100.jpg,115
2024al02_4kmirimg_202406301110.jpg,115
2024al02_4kmirimg_202406301120.jpg,115
2024al02_4kmirimg_202406301130.jpg,115
2024al02_4kmirimg_202406301140.jpg,115
2024al02_4kmirimg_202406301150.jpg,115
2024al02_4kmirimg_202406301200.jpg,115
2024al02_4kmirimg_202406301210.jpg,115
2024al02_4kmirimg_202406301220.jpg,115
2024al02_4kmirimg_202406301230.jpg,115
2024al02_4kmirimg_202406301240.jpg,115
2024al02_4kmirimg_202406301250.jpg,115
2024al02_4kmirimg_202406301300.jpg,115
2024al02_4kmirimg_202406301310.jpg,115
2024al02_4kmirimg_202406301320.jpg,115
2024al02_4kmirimg_202406301330.jpg,115
2024al02_4kmirimg_202406301340.jpg,115
2024al02_4kmirimg_202406301350.jpg,115
2024al02_4kmirimg_202406301400.jpg,115
2024al02_4kmirimg_202406301410.jpg,115
2024al02_4kmirimg_202406301420.jpg,115
2024al02_4kmirimg_202406301430.jpg,115
2024al02_4kmirimg_202406301440.jpg,115
2024al02_4kmirimg_202406301450.jpg,115
2024al02_4kmirimg_202406301500.jpg,115
2024al02_4kmirimg_202406301510.jpg,115
2024al02_4kmirimg_202406301520.jpg,115
2024al02_4kmirimg_202406301530.jpg,115
2024al02_4kmirimg_202406301540.jpg,115
2024al02_4kmirimg_202406301550.jpg,115
2024al02_4kmirimg_202406301600.jpg,115
2024al02_4kmirimg_202406301610.jpg,115
2024al02_4kmirimg_202406301620.jpg,115
2024al02_4kmirimg_202406301630.jpg,115
2024al02_4kmirimg_202406301640.jpg,115
2024al02_4kmirimg_202406301650.jpg,115
2024al02_4kmirimg_202406301700.jpg,115
2024al02_4kmirimg_202406301710.jpg,115
2024al02_4kmirimg_202406301720.jpg,115
2024al02_4kmirimg_202406301730.jpg,115
2024al02_4kmirimg_202406301740.jpg,115
2024al02_4kmirimg_202406301750.jpg,115
2024al02_4kmirimg_202406301800.jpg,115
2024al02_4kmirimg_202406301810.jpg,115
2024al02_4kmirimg_202406301820.jpg,115
2024al02_4kmirimg_202406301830.jpg,115
2024al02_4kmirimg_202406301840.jpg,115
2024al02_4kmirimg_202406301850.jpg,115
2024al02_4kmirimg_202406301900.jpg,115
2024al02_4kmirimg_202406301910.jpg,115
2024al02_4kmirimg_202406301920.jpg,115
2024al02_4kmirimg_202406301930.jpg,115
2024al02_4kmirimg_202406301940.jpg,115
2024al02_4kmirimg_202406301950.jpg,115
2024al02_4kmirimg_202406302000.jpg,115
2024al02_4kmirimg_202406302010.jpg,115
2024al02_4kmirimg_202406302020.jpg,115
2024al02_4kmirimg_202406302030.jpg,115
2024al02_4kmirimg_202406302040.jpg,115
2024al02_4kmirimg_202406302050.jpg,115
2024al02_4kmirimg_202406302100.jpg,115
2024al02_4kmirimg_202406302110.jpg,115
2024al02_4kmirimg_202407010020.jpg,130
2024al02_4kmirimg_202407010030.jpg,130
2024al02_4kmirimg_202407010040.jpg,130
2024al02_4kmirimg_202407010050.jpg,130
2024al02_4kmirimg_202407010100.jpg,130
2024al02_4kmirimg_202407010110.jpg,130
2024al02_4kmirimg_202407010120.jpg,130
2024al02_4kmirimg_202407010130.jpg,130
2024al02_4kmirimg_202407010140.jpg,130
2024al02_4kmirimg_202407010230.jpg,130
2024al02_4kmirimg_202407010240.jpg,130
2024al02_4kmirimg_202407010250.jpg,130
2024al02_4kmirimg_202407010300.jpg,130
2024al02_4kmirimg_202407010310.jpg,130
2024al02_4kmirimg_202407010320.jpg,130
2024al02_4kmirimg_202407010330.jpg,130
2024al02_4kmirimg_202407010340.jpg,130
2024al02_4kmirimg_202407010350.jpg,130
2024al02_4kmirimg_202407010400.jpg,130
2024al02_4kmirimg_202407010410.jpg,130
2024al02_4kmirimg_202407010420.jpg,130
2024al02_4kmirimg_202407010430.jpg,130
2024al02_4kmirimg_202407010440.jpg,130
2024al02_4kmirimg_202407010450.jpg,130
2024al02_4kmirimg_202407010500.jpg,130
2024al02_4kmirimg_202407010510.jpg,130
2024al02_4kmirimg_202407010520.jpg,130
2024al02_4kmirimg_202407010530.jpg,130
2024al02_4kmirimg_202407010540.jpg,130
2024al02_4kmirimg_202407010550.jpg,130
2024al02_4kmirimg_202407010600.jpg,130
2024al02_4kmirimg_202407010610.jpg,130
2024al02_4kmirimg_202407010620.jpg,130
2024al02_4kmirimg_202407010630.jpg,130
2024al02_4kmirimg_202407010640.jpg,130
2024al02_4kmirimg_202407010650.jpg,130
2024al02_4kmirimg_202407010700.jpg,130
2024al02_4kmirimg_202407010720.jpg,130
2024al02_4kmirimg_202407010730.jpg,130
2024al02_4kmirimg_202407010740.jpg,130
2024al02_4kmirimg_202407010800.jpg,130
2024al02_4kmirimg_202407010810.jpg,130
2024al02_4kmirimg_202407010820.jpg,130
2024al02_4kmirimg_202407010830.jpg,130
2024al02_4kmirimg_202407010840.jpg,130
2024al02_4kmirimg_202407010850.jpg,130
2024al02_4kmirimg_202407010900.jpg,130
2024al02_4kmirimg_202407010910.jpg,130
2024al02_4kmirimg_202407010920.jpg,130
2024al02_4kmirimg_202407010930.jpg,130
2024al02_4kmirimg_202407010940.jpg,130
2024al02_4kmirimg_202407010950.jpg,130
2024al02_4kmirimg_202407011000.jpg,130
2024al02_4kmirimg_202407011010.jpg,130
2024al02_4kmirimg_202407011020.jpg,130
2024al02_4kmirimg_202407011030.jpg,130
2024al02_4kmirimg_202407011040.jpg,130
2024al02_4kmirimg_202407011050.jpg,130
2024al02_4kmirimg_202407011100.jpg,130
2024al02_4kmirimg_202407011110.jpg,130
2024al02_4kmirimg_202407011120.jpg,130
2024al02_4kmirimg_202407011130.jpg,130
2024al02_4kmirimg_202407011140.jpg,130
2024al02_4kmirimg_202407011150.jpg,130
2024al02_4kmirimg_202407011200.jpg,130
2024al02_4kmirimg_202407011210.jpg,130
2024al02_4kmirimg_202407011220.jpg,130
2024al02_4kmirimg_202407011230.jpg,130
2024al02_4kmirimg_202407011240.jpg,130
2024al02_4kmirimg_202407011250.jpg,130
2024al02_4kmirimg_202407011300.jpg,130
2024al02_4kmirimg_202407011310.jpg,130
2024al02_4kmirimg_202407011320.jpg,130
2024al02_4kmirimg_202407011330.jpg,130
2024al02_4kmirimg_202407011340.jpg,130
2024al02_4kmirimg_202407011350.jpg,130
2024al02_4kmirimg_202407011400.jpg,130
2024al02_4kmirimg_202407011410.jpg,130
2024al02_4kmirimg_202407011420.jpg,130
2024al02_4kmirimg_202407011430.jpg,130
2024al02_4kmirimg_202407011440.jpg,130
2024al02_4kmirimg_202407011450.jpg,130
2024al02_4kmirimg_202407011500.jpg,130
2024al02_4kmirimg_202407011510.jpg,130
2024al02_4kmirimg_202407011520.jpg,130
2024al02_4kmirimg_202407011530.jpg,130
2024al02_4kmirimg_202407011540.jpg,130
2024al02_4kmirimg_202407011550.jpg,130
2024al02_4kmirimg_202407011600.jpg,130
2024al02_4kmirimg_202407011610.jpg,130
2024al02_4kmirimg_202407011620.jpg,130
2024al02_4kmirimg_202407011630.jpg,130
2024al02_4kmirimg_202407011640.jpg,130
2024al02_4kmirimg_202407011650.jpg,130
2024al02_4kmirimg_202407011700.jpg,130
2024al02_4kmirimg_202407011710.jpg,130
2024al02_4kmirimg_202407011720.jpg,130
2024al02_4kmirimg_202407011730.jpg,130
2024al02_4kmirimg_202407011740.jpg,130
2024al02_4kmirimg_202407011750.jpg,130
2024al02_4kmirimg_202407011800.jpg,130
2024al02_4kmirimg_202407011810.jpg,130
2024al02_4kmirimg_202407011820.jpg,130
2024al02_4kmirimg_202407011830.jpg,130
2024al02_4kmirimg_202407011840.jpg,130
2024al02_4kmirimg_202407011850.jpg,130
2024al02_4kmirimg_202407011900.jpg,130
2024al02_4kmirimg_202407011910.jpg,130
2024al02_4kmirimg_202407011920.jpg,130
2024al02_4kmirimg_202407011930.jpg,130
2024al02_4kmirimg_202407011940.jpg,130
2024al02_4kmirimg_202407011950.jpg,130
2024al02_4kmirimg_202407012000.jpg,130
2024al02_4kmirimg_202407012010.jpg,130
2024al02_4kmirimg_202407012020.jpg,130
2024al02_4kmirimg_202407012030.jpg,130
2024al02_4kmirimg_202407012040.jpg,130
2024al02_4kmirimg_202407012050.jpg,130
2024al02_4kmirimg_202407012100.jpg,130
2024al02_4kmirimg_202407012110.jpg,130
2024al02_4kmirimg_202407012120.jpg,130
2024al02_4kmirimg_202407012130.jpg,130
2024al02_4kmirimg_202407012140.jpg,130
2024al02_4kmirimg_202407012150.jpg,130
2024al02_4kmirimg_202407012200.jpg,130
2024al02_4kmirimg_202407012210.jpg,130
2024al02_4kmirimg_202407012220.jpg,130
2024al02_4kmirimg_202407012230.jpg,130
2024al02_4kmirimg_202407012240.jpg,130
2024al02_4kmirimg_202407012250.jpg,130
2024al02_4kmirimg_202407012300.jpg,130
2024al02_4kmirimg_202407012310.jpg,130
2024al02_4kmirimg_202407012320.jpg,130
2024al02_4kmirimg_202407012330.jpg,130
2024al02_4kmirimg_202407012340.jpg,130
2024al02_4kmirimg_202407012350.jpg,130
2024al02_4kmirimg_202407020000.jpg,145
2024al02_4kmirimg_202407020010.jpg,145
2024al02_4kmirimg_202407020020.jpg,145
2024al02_4kmirimg_202407020030.jpg,145
2024al02_4kmirimg_202407020040.jpg,145
2024al02_4kmirimg_202407020050.jpg,145
2024al02_4kmirimg_202407020100.jpg,145
2024al02_4kmirimg_202407020110.jpg,145
2024al02_4kmirimg_202407020120.jpg,145
2024al02_4kmirimg_202407020130.jpg,145
2024al02_4kmirimg_202407020140.jpg,145
2024al02_4kmirimg_202407020150.jpg,145
2024al02_4kmirimg_202407020200.jpg,145
2024al02_4kmirimg_202407020210.jpg,145
2024al02_4kmirimg_202407020220.jpg,145
2024al02_4kmirimg_202407020230.jpg,145
2024al02_4kmirimg_202407020240.jpg,145
2024al02_4kmirimg_202407020250.jpg,145
2024al02_4kmirimg_202407020300.jpg,145
2024al02_4kmirimg_202407020310.jpg,145
2024al02_4kmirimg_202407020320.jpg,145
2024al02_4kmirimg_202407020650.jpg,145
2024al02_4kmirimg_202407020700.jpg,145
2024al02_4kmirimg_202407020710.jpg,145
2024al02_4kmirimg_202407020720.jpg,145
2024al02_4kmirimg_202407020730.jpg,145
2024al02_4kmirimg_202407020740.jpg,145
2024al02_4kmirimg_202407020750.jpg,145
2024al02_4kmirimg_202407020800.jpg,145
2024al02_4kmirimg_202407020810.jpg,145
2024al02_4kmirimg_202407020820.jpg,145
2024al02_4kmirimg_202407020830.jpg,145
2024al02_4kmirimg_202407020840.jpg,145
2024al02_4kmirimg_202407020850.jpg,145
2024al02_4kmirimg_202407020900.jpg,145
2024al02_4kmirimg_202407020910.jpg,145
2024al02_4kmirimg_202407020920.jpg,145
2024al02_4kmirimg_202407020930.jpg,145
2024al02_4kmirimg_202407020940.jpg,145
2024al02_4kmirimg_202407020950.jpg,145
2024al02_4kmirimg_202407021000.jpg,145
2024al02_4kmirimg_202407021010.jpg,145
2024al02_4kmirimg_202407021020.jpg,145
2024al02_4kmirimg_202407021030.jpg,145
2024al02_4kmirimg_202407021040.jpg,145
2024al02_4kmirimg_202407021050.jpg,145
2024al02_4kmirimg_202407021100.jpg,145
2024al02_4kmirimg_202407021110.jpg,145
2024al02_4kmirimg_202407021120.jpg,145
2024al02_4kmirimg_202407021130.jpg,145
2024al02_4kmirimg_202407021140.jpg,145
2024al02_4kmirimg_202407021150.jpg,145
2024al02_4kmirimg_202407021200.jpg,145
2024al02_4kmirimg_202407021210.jpg,145
2024al02_4kmirimg_202407021220.jpg,145
2024al02_4kmirimg_202407021230.jpg,145
2024al02_4kmirimg_202407021240.jpg,145
2024al02_4kmirimg_202407021250.jpg,145
2024al02_4kmirimg_202407021300.jpg,145
2024al02_4kmirimg_202407021310.jpg,145
2024al02_4kmirimg_202407021320.jpg,145
2024al02_4kmirimg_202407021330.jpg,145
2024al02_4kmirimg_202407021340.jpg,145
2024al02_4kmirimg_202407021350.jpg,145
2024al02_4kmirimg_202407021400.jpg,145
2024al02_4kmirimg_202407021410.jpg,145
2024al02_4kmirimg_202407021420.jpg,145
2024al02_4kmirimg_202407021430.jpg,145
2024al02_4kmirimg_202407021440.jpg,145
2024al02_4kmirimg_202407021450.jpg,145
2024al02_4kmirimg_202407021500.jpg,145
2024al02_4kmirimg_202407021510.jpg,145
2024al02_4kmirimg_202407021520.jpg,145
2024al02_4kmirimg_202407021530.jpg,145
2024al02_4kmirimg_202407021540.jpg,145
2024al02_4kmirimg_202407021550.jpg,145
2024al02_4kmirimg_202407021600.jpg,145
2024al02_4kmirimg_202407021610.jpg,145
2024al02_4kmirimg_202407021620.jpg,145
2024al02_4kmirimg_202407021630.jpg,145
2024al02_4kmirimg_202407021640.jpg,145
2024al02_4kmirimg_202407021650.jpg,145
2024al02_4kmirimg_202407021700.jpg,145
2024al02_4kmirimg_202407021710.jpg,145
2024al02_4kmirimg_202407021720.jpg,145
2024al02_4kmirimg_202407021730.jpg,145
2024al02_4kmirimg_202407021740.jpg,145
2024al02_4kmirimg_202407021750.jpg,145
2024al02_4kmirimg_202407021800.jpg,145
2024al02_4kmirimg_202407021810.jpg,145
2024al02_4kmirimg_202407021820.jpg,145
2024al02_4kmirimg_202407021830.jpg,145
2024al02_4kmirimg_202407021840.jpg,145
2024al02_4kmirimg_202407021850.jpg,145
2024al02_4kmirimg_202407021900.jpg,145
