image_id,annotations
151.jpg,1 240 905 275 924
2513.jpg,4 5345 3071 5456 3193
10453.jpg,"0 2609 946 2670 987,0 2441 814 2473 839,0 2382 1352 2432 1408,0 2173 1269 2202 1299,0 1923 1354 1992 1416,0 2355 1509 2412 1545,0 3498 1437 3639 1539,1 2548 503 2779 733,0 2505 1391 2547 1462,0 1008 1530 1111 1579,2 2479 512 2591 668,0 2419 1469 2462 1509,0 2574 1518 2646 1558"
14059.jpg,"0 1460 42 1487 59,0 1381 102 1410 132,0 1485 173 1522 199,0 1381 181 1422 223,0 1219 373 1244 407,0 1282 364 1312 393,0 431 464 462 490,0 852 556 891 583"
14019.jpg,"0 1343 18 1413 64,0 1328 120 1369 170,0 1390 150 1438 181,0 1433 276 1519 335,0 1319 237 1373 275,0 1151 462 1188 490,0 1243 488 1276 536,0 375 551 411 579,0 830 696 865 722"
10820.jpg,"1 2298 888 2477 966,0 1729 1009 1799 1045,0 1585 944 1625 972,0 1424 916 1470 956,1 2138 491 2290 570,1 1301 605 1418 695"
1474.jpg,1 2867 3574 3064 3631
10776.jpg,"1 2226 952 2406 1037,0 1533 1059 1572 1086,0 1620 971 1664 999,0 1614 818 1680 847,1 2112 529 2266 619,1 795 656 920 766,1 987 790 1166 862"
10800.jpg,"1 2262 921 2438 999,0 1600 1041 1658 1077,0 1612 948 1641 985,0 1495 851 1535 877,1 2122 506 2268 590,1 1176 596 1304 680,1 272 1185 448 1330"
3490.jpg,"1 2267 472 2443 508,0 2141 539 2159 554,1 729 328 789 351,0 921 1398 1240 1611"
1724.jpg,"1 2032 1247 2141 1306,1 2477 1303 2541 1411,1 3038 701 3145 775,1 3112 930 3188 1031,0 2754 1161 2773 1219,0 2654 1305 2670 1318,0 2727 728 2742 748"
10435.jpg,"0 3105 1420 3204 1478,0 2760 1247 2807 1302,0 2435 2006 2487 2057,1 2985 794 3358 1125,2 2886 792 3061 1026,0 2804 2135 2883 2160"
13939.jpg,"0 939 908 979 952,0 662 778 704 814,0 866 754 909 800,0 901 637 1001 686,0 479 644 520 689"
15340.jpg,"0 1443 519 1573 611,0 1616 385 1764 490,0 417 0 511 70,0 657 903 885 1068"
10419.jpg,"0 3040 983 3093 1035,0 3361 1600 3404 1701,0 3055 1732 3102 1775,1 2605 597 2952 778,2 2514 666 2785 781,0 2791 1062 2835 1092,0 3451 1774 3530 1844,0 3498 1714 3545 1762,0 3719 1699 3790 1815,0 3491 1601 3586 1692,0 2996 1970 3089 2073"
3025.jpg,"0 3061 88 3093 124,0 3058 0 3093 26,1 1504 1244 1655 1474,2 1376 1766 1549 1842"
15410.jpg,"0 1332 507 1598 831,0 496 667 662 833,0 716 276 900 570"
13955.jpg,"0 1424 684 1469 724,0 1368 491 1413 526,0 1489 550 1539 597,0 1595 538 1628 568,0 1312 275 1358 318,0 1326 924 1403 965"
13933.jpg,"0 1254 633 1305 669,0 910 493 952 543,0 1162 495 1222 543,0 1197 346 1228 391,0 720 306 774 355,1 94 148 288 525,0 1580 982 1619 1033,0 1375 1005 1438 1045"
16752.jpg,0 2246 775 2772 1100
14085.jpg,"0 1504 4 1534 36,0 1399 68 1438 92,0 1586 138 1608 167,0 1353 161 1398 201,0 1239 332 1265 361,0 1286 278 1312 302,0 446 409 472 431,0 861 540 905 579"
4436.jpg,"1 2497 755 2627 788,1 2464 990 2612 1056,1 3390 870 3497 928,0 2745 683 2762 697,0 2794 711 2808 722,0 2896 689 2910 701,0 2949 768 2969 783,0 2716 668 2730 680,0 3081 769 3098 783,1 3225 723 3279 758,0 2960 683 2972 695,0 2976 726 2989 738,0 3141 715 3159 732,0 3122 791 3140 804,0 2688 718 2704 732"
14067.jpg,"0 1464 40 1491 59,0 1379 90 1406 126,0 1502 163 1532 192,0 1380 169 1419 204,0 1216 343 1263 377,0 1285 328 1315 358,0 446 456 474 480,0 856 546 906 583"
2390.jpg,"1 3346 3594 3407 3632,1 3700 2821 3740 2897"
3336.jpg,"0 493 914 518 945,2 1155 0 1221 88"
12016.jpg,"2 2236 143 2298 199,0 2028 626 2057 655,0 2135 649 2226 680"
1089.jpg,"1 5287 2800 5375 2925,1 5094 2817 5226 2893"
12585.jpg,0 1600 1971 1669 2091
16199.jpg,"1 2146 213 2261 326,0 2738 416 2759 438,0 2574 754 2598 775,1 2489 120 2641 208,1 3253 647 3418 761"
12040.jpg,2 2031 418 2058 462
14063.jpg,"0 1455 25 1500 63,0 1387 86 1417 118,0 1495 154 1530 181,0 1387 166 1422 199,0 1211 357 1248 393,0 1281 345 1311 374,0 429 464 459 488,0 847 547 899 583"
15380.jpg,"0 1218 354 1256 374,0 863 276 886 316,0 697 371 725 393,0 1233 424 1261 449,0 1389 488 1430 536,0 1252 504 1287 536,2 1136 520 1256 715,0 893 682 922 719,0 760 723 799 758,0 483 616 510 645"
4483.jpg,"0 3373 1544 3564 1746,0 3096 1431 3332 1577,0 2998 1152 3287 1323,0 2343 543 2623 720"
3520.jpg,"0 3212 544 3248 568,1 3180 234 3227 258,1 886 193 921 233,0 652 769 791 824"
16770.jpg,0 2071 748 2640 1254
1350.jpg,1 642 1810 840 2017
14081.jpg,"0 1490 23 1513 45,0 1383 81 1422 108,0 1558 153 1582 182,0 1352 172 1394 203,0 1221 318 1270 371,0 1284 293 1313 322,0 453 416 480 438,0 880 537 911 568"
13983.jpg,"0 1245 1 1281 50,0 1224 185 1249 216,0 1357 201 1401 232,0 1429 306 1497 362,0 1251 296 1278 329,0 1115 519 1143 548,0 1246 562 1277 600,0 413 613 447 641,0 790 767 868 818"
3231.jpg,4 2445 822 2523 912
15394.jpg,"0 1234 96 1390 246,2 425 208 896 974"
2963.jpg,"1 1966 456 2144 770,0 521 1149 567 1190,0 567 1529 610 1584,0 111 1419 152 1457,0 193 1573 276 1660,0 441 1960 485 2011,0 119 2495 159 2540"
15362.jpg,"0 1121 257 1328 336,0 722 349 867 447,0 104 103 156 179"
11584.jpg,"0 2231 1553 2362 1691,0 1974 1511 2051 1595"
16776.jpg,0 2022 929 2501 1260
12583.jpg,"0 1593 1781 1660 1902,0 1527 2025 1644 2123"
11588.jpg,"0 2162 1615 2255 1704,0 1876 1591 1950 1659"
351.jpg,1 897 826 994 884
3478.jpg,"1 1312 678 1471 711,0 1321 738 1339 752,0 1961 1469 2188 1607"
1959.jpg,"1 3159 3387 3249 3452,1 2990 3218 3059 3301,1 2753 3078 2794 3165,1 1845 2926 1936 2968,0 2754 3163 2773 3200,0 2806 3221 2841 3243,0 2162 3207 2181 3229"
13919.jpg,"0 723 1004 766 1055,0 280 854 316 890,0 609 799 654 858,0 642 661 671 703,0 201 635 261 679"
11237.jpg,1 3031 5 3820 1086
14023.jpg,"0 1375 28 1434 66,0 1373 104 1407 149,0 1401 153 1448 183,0 1442 276 1526 336,0 1341 249 1364 278,0 1162 463 1191 487,0 1248 483 1281 536,0 384 551 413 575,0 838 680 878 704"
1125.jpg,"1 3164 629 3284 708,1 3077 703 3195 775,1 3021 203 3086 326,0 3528 344 3556 368"
4048.jpg,"1 2944 1028 2968 1060,1 1927 1115 2008 1151,1 2468 1192 2530 1217,4 2100 1190 2117 1212,4 2919 1124 2931 1139"
2610.jpg,"1 851 221 1139 465,0 1722 1097 1782 1138,0 1892 1056 1942 1120,0 2165 993 2192 1022,0 2093 1196 2166 1276,0 2127 1357 2188 1415,0 2086 1531 2149 1595,4 2276 1860 2346 1935"
13925.jpg,"0 685 970 736 1012,0 308 825 334 862,0 611 784 658 841,0 629 632 663 682,0 200 595 254 641"
15374.jpg,"0 1147 423 1169 440,0 894 411 915 439,0 784 431 802 447,0 1174 481 1195 504,0 1262 532 1289 587,0 1167 531 1198 559,2 1105 576 1164 722,0 917 668 938 696,0 824 695 863 722"
2890.jpg,"4 1050 2306 1107 2354,0 309 2881 347 2922,3 337 2919 356 2944,1 395 3125 609 3218"
14027.jpg,"0 1404 23 1438 46,0 1404 78 1425 104,0 1397 127 1445 160,0 1442 258 1517 315,0 1348 227 1374 261,0 1169 453 1195 477,0 1248 465 1283 507,0 402 550 432 574,0 846 674 870 701"
1852.jpg,1 4743 3263 4809 3366
10806.jpg,"1 2272 910 2452 990,0 1625 1034 1692 1067,0 1605 942 1634 976,0 1460 866 1515 904,1 2126 499 2276 584,1 1225 598 1340 685,1 36 1405 204 1567"
15404.jpg,"0 1684 87 1815 349,0 1182 401 1355 595,2 539 534 956 1080,0 728 73 943 235"
4036.jpg,"1 2972 1026 2996 1060,1 1920 1117 2001 1151,1 2543 1193 2610 1218,4 2100 1190 2117 1211,4 2917 1125 2929 1142"
13943.jpg,"0 978 926 1012 979,0 720 777 772 815,0 910 760 947 811,0 934 642 1040 686,0 549 639 593 674"
12573.jpg,"0 1948 617 1996 712,0 1888 864 1994 934"
16756.jpg,0 2163 871 2938 1242
14043.jpg,"0 1429 53 1449 71,0 1391 101 1431 129,0 1487 208 1525 237,0 1372 205 1405 232,0 1211 401 1245 433,0 1285 412 1319 458,0 425 493 456 518,0 869 607 903 642"
12010.jpg,"2 2993 157 3046 212,0 3310 782 3343 811,0 3459 792 3574 829"
2583.jpg,"4 5190 2203 5290 2280,0 5245 2893 5309 2957,0 5335 2851 5407 2915,0 5408 3026 5456 3083,0 5397 3098 5445 3139"
1880.jpg,"1 1903 664 1990 743,1 3752 287 3851 349,0 3301 0 3351 18,0 3518 157 3557 177,0 3545 46 3580 63"
14021.jpg,"0 1356 32 1426 73,0 1347 113 1386 162,0 1398 154 1445 187,0 1436 276 1520 336,0 1332 245 1363 279,0 1158 458 1194 485,0 1248 481 1283 533,0 381 548 412 572,0 831 683 867 710"
12575.jpg,"0 2368 513 2427 600,0 2243 705 2332 779"
16195.jpg,"1 2003 364 2108 463,0 2538 528 2559 548,0 2360 789 2381 809,1 2275 313 2425 361,1 2986 711 3135 810"
14087.jpg,"0 1510 4 1534 27,0 1405 63 1443 85,0 1592 130 1615 159,0 1372 159 1404 195,0 1255 327 1275 354,0 1294 270 1323 298,0 448 418 473 439,0 880 537 913 574"
12581.jpg,"0 1625 898 1700 1003,0 1578 1120 1691 1208"
3655.jpg,"1 347 672 520 785,0 2892 1279 2970 1318"
10824.jpg,"1 2301 881 2478 960,0 1769 993 1836 1032,0 1589 938 1638 966,0 1417 928 1466 968,1 2144 482 2292 569,1 1312 606 1440 692"
16764.jpg,0 2290 903 2734 1340
14051.jpg,"0 1443 29 1467 49,0 1391 84 1417 128,0 1475 170 1514 205,0 1390 182 1413 210,0 1222 387 1246 418,0 1296 387 1323 414,0 423 475 454 501,0 856 580 900 612"
16206.jpg,"1 1547 72 1675 234,0 2793 636 2828 668,0 2260 182 2316 225,0 2235 733 2327 798,0 2136 505 2234 558,0 2405 621 2476 684,0 2569 688 2626 739,0 1944 482 2012 551,1 3005 370 3220 496"
15384.jpg,"0 1233 220 1314 258,0 690 47 741 136,0 433 260 511 310,0 1234 311 1307 362,0 1524 401 1577 482,0 1332 452 1396 504,2 1088 477 1280 769,0 729 738 780 798,0 500 800 575 876,0 125 638 163 680"
14045.jpg,"0 1424 53 1444 70,0 1388 99 1415 135,0 1476 204 1507 233,0 1366 201 1405 230,0 1185 379 1242 443,0 1279 406 1310 436,0 433 490 464 515,0 876 594 903 624"
4871.jpg,"0 1678 1309 1803 1396,4 1337 870 1454 1003,0 1780 1603 1830 1681"
2690.jpg,1 3590 839 3924 1333
2070.jpg,"0 1188 2938 1214 2956,0 1175 3039 1202 3060,0 1128 2983 1155 3002,1 1516 2808 1603 2852,1 1293 2801 1351 2886,1 1135 2777 1221 2818,1 559 2684 625 2770"
3060.jpg,1 766 381 1290 998
16197.jpg,"1 2069 336 2178 440,0 2634 517 2654 537,0 2460 811 2483 835,1 2375 254 2524 333,1 3113 719 3271 823"
13953.jpg,"0 1018 560 1053 599,0 877 412 917 447,0 1008 425 1063 472,0 1087 372 1117 403,0 734 243 791 284,0 1211 862 1265 917,0 1030 795 1088 843"
4028.jpg,"1 2997 1024 3020 1058,1 1917 1113 2000 1149,1 2599 1192 2659 1219,4 2106 1186 2122 1207,4 2915 1122 2927 1137"
15976.jpg,"1 1065 1051 1242 1109,1 1940 899 2126 984,0 111 2110 186 2160,1 1772 1561 1986 1660"
15346.jpg,"0 620 398 694 494,0 791 247 923 344,0 1121 453 1193 524"
15364.jpg,"0 1103 291 1240 356,0 721 343 879 439,0 75 103 125 163"
3515.jpg,"0 3307 581 3341 604,1 3277 306 3323 329,1 1072 246 1104 282,0 765 737 931 782"
4442.jpg,"1 2674 771 2817 806,1 2199 1028 2407 1105,1 3581 910 3706 970,0 2980 704 2995 717,0 3019 731 3032 741,0 3132 711 3146 723,0 3158 795 3180 811,0 2953 687 2967 699,0 3293 800 3311 815,1 3475 750 3530 788,0 3194 705 3211 719,0 3214 755 3232 768,0 3387 740 3408 756,0 3346 826 3363 839,0 2896 738 2910 752"
11623.jpg,"0 1882 1167 2001 1259,0 1686 1200 1762 1281"
10421.jpg,"0 3437 1150 3506 1208,0 3113 1151 3215 1227,0 3597 1858 3676 1942,0 3251 1892 3300 1939,0 3356 1280 3403 1324,1 3063 694 3431 925,2 2957 735 3217 901,0 3652 2039 3736 2105,0 3699 1965 3774 2056,0 3792 1876 3840 1946,0 3116 2089 3193 2160"
4030.jpg,"1 2991 1024 3015 1057,1 1916 1113 1997 1149,1 2584 1193 2644 1219,4 2101 1183 2117 1204,4 2914 1122 2925 1138"
4485.jpg,"0 3452 1607 3632 1815,0 3171 1454 3386 1619,0 3117 1169 3349 1324,0 2409 566 2605 704"
1436.jpg,1 818 3362 1052 3467
12563.jpg,"0 1948 1537 2009 1591,0 2006 1256 2051 1337"
1716.jpg,"0 3539 4128 3562 4156,1 3241 4117 3353 4166,1 3379 4411 3478 4492"
4020.jpg,"1 3014 1020 3038 1056,1 1916 1112 1997 1147,1 2642 1195 2698 1222,4 2101 1183 2118 1204,4 2913 1124 2923 1137"
13931.jpg,"0 1247 657 1306 710,0 891 527 935 560,0 1153 511 1220 558,0 1181 361 1213 408,0 716 328 768 377,1 76 104 265 477,0 1547 1011 1618 1067,0 1374 1012 1427 1072"
3474.jpg,"1 974 735 1132 768,0 1010 790 1030 806,0 2098 1394 2284 1512"
4050.jpg,"1 2940 1026 2963 1060,1 1928 1114 2009 1150,1 2460 1193 2518 1217,4 2100 1188 2118 1208,4 2919 1124 2931 1139"
14069.jpg,"0 1468 39 1494 58,0 1376 85 1402 122,0 1513 168 1539 196,0 1375 176 1417 212,0 1212 342 1254 387,0 1278 330 1306 359,0 450 446 479 470,0 850 542 905 587"
3067.jpg,"2 2278 1493 2458 1596,1 593 1872 749 2098,1 2023 2777 2320 2986"
4014.jpg,"1 3030 1021 3054 1055,1 1921 1113 2001 1146,1 2671 1198 2718 1224,4 2103 1184 2120 1203,4 2912 1121 2924 1138"
16754.jpg,0 2038 657 2875 1078
3464.jpg,0 1698 1619 1928 1783
16772.jpg,0 2047 737 2593 1287
12044.jpg,2 2031 461 2062 506
16200.jpg,"1 2149 175 2268 292,0 2759 385 2782 408,0 2602 747 2625 770,1 2509 74 2662 166,0 2517 550 2592 606,0 2378 498 2422 536,1 3294 626 3464 745"
10443.jpg,"0 2947 1313 3016 1372,0 2656 1145 2719 1189,0 2640 1936 2756 1997,0 2355 1816 2397 1862,0 2029 1914 2113 2003,1 2862 714 3176 1032,0 2808 1977 2867 2116,2 2782 721 2913 946"
15360.jpg,"0 1097 550 1238 687,0 628 679 836 790,0 38 417 97 497"
3071.jpg,"1 1406 276 1709 529,0 53 1952 87 1982"
15386.jpg,"0 936 191 1030 232,0 129 232 203 281,0 942 266 989 314,0 1211 345 1271 416,0 1039 397 1113 443,2 753 433 952 708,0 396 681 461 730,0 148 762 242 805"
14031.jpg,"0 1412 19 1435 43,0 1419 77 1436 99,0 1405 128 1445 155,0 1468 253 1510 299,0 1356 224 1382 257,0 1181 435 1207 462,0 1270 449 1311 494,0 420 529 452 555,0 856 640 894 665"
3517.jpg,"0 3414 597 3449 621,1 3427 309 3475 334,1 1171 254 1205 292,0 959 741 1061 781"
15402.jpg,"0 1228 168 1407 385,2 471 301 961 1080"
15974.jpg,"1 0 1683 94 1842,1 1040 1008 1210 1099,1 1934 898 2117 984,0 150 2101 225 2160,1 1828 1560 2040 1659"
1824.jpg,"0 4938 520 4966 562,0 4899 798 4917 819,0 4676 629 4705 670,0 4653 661 4685 684,0 4743 619 4769 651,1 4920 315 5033 370,1 4983 147 5088 222,1 4073 469 4128 569,1 4686 1014 4747 1115"
10740.jpg,"1 2189 1004 2376 1083,0 1644 1121 1700 1157,0 1613 977 1658 1011,0 1679 903 1747 928,1 2114 559 2262 653,1 1044 840 1157 936,1 972 845 1085 973"
10814.jpg,"1 2285 898 2465 977,0 1666 1019 1754 1055,0 1591 942 1630 972,0 1444 896 1489 933,1 2135 495 2283 578,1 1268 605 1392 689"
3721.jpg,"1 2225 183 2356 225,1 2024 1190 2229 1353,1 3275 177 3387 241,1 3479 541 3670 600,0 2713 332 2737 349"
10447.jpg,"0 2697 871 2757 916,0 2485 753 2527 783,0 2431 1274 2516 1326,0 2220 1193 2253 1228,0 2425 1424 2488 1463,0 1973 1268 2032 1315,0 3609 1360 3748 1440,1 2645 424 2900 660,0 2568 1310 2612 1385,2 2583 431 2678 593,0 2492 1392 2547 1446,0 2662 1443 2713 1491,0 1028 1429 1163 1482"
3468.jpg,"1 343 681 526 720,0 396 741 413 754,0 1880 1399 2126 1540"
12032.jpg,2 2019 326 2043 364
4016.jpg,"1 3023 1021 3047 1056,1 1919 1110 1999 1145,1 2663 1198 2712 1224,4 2102 1184 2118 1204,4 2911 1119 2923 1136"
2648.jpg,1 3502 4310 3632 4872
3508.jpg,"1 3659 345 3840 406,0 3028 422 3054 443,1 2540 143 2587 165,1 210 91 251 133,0 282 769 509 846"
13937.jpg,"0 947 606 984 656,0 646 471 700 508,0 872 449 917 496,0 906 327 963 369,0 493 333 539 371,0 1248 933 1305 980,0 1078 970 1116 1003"
10768.jpg,"1 2217 959 2399 1044,0 1553 1082 1588 1106,0 1633 970 1678 1003,0 1681 830 1740 858,1 2108 535 2261 627,1 821 736 907 856,1 1032 807 1176 886"
4238.jpg,"1 396 757 486 787,1 627 835 703 866,1 728 641 801 665,0 409 901 427 915,0 236 839 253 857"
10439.jpg,"0 3142 1575 3261 1646,0 2787 1347 2839 1417,1 3020 840 3402 1214,2 2910 836 3098 1102"
12006.jpg,"2 3263 156 3306 211,0 3774 776 3809 804"
4865.jpg,"0 1633 1503 1766 1589,4 1282 1002 1409 1138,0 1729 1889 1788 2008"
11605.jpg,"0 2181 1163 2271 1264,0 1911 1126 1999 1210"
12022.jpg,"2 1854 421 1901 465,0 1637 744 1707 766,0 1552 735 1573 757"
15376.jpg,"0 1149 425 1176 443,0 895 387 918 417,0 784 433 800 448,0 1169 481 1192 500,0 1268 528 1294 580,0 1163 528 1197 555,2 1098 559 1164 707,0 908 661 929 690,0 821 686 856 713"
14001.jpg,"0 1258 0 1322 33,0 1267 162 1306 199,0 1356 154 1387 186,0 1419 291 1504 344,0 1276 256 1322 293,0 1111 496 1156 525,0 1230 513 1281 572,0 392 598 428 626,0 789 773 829 799"
10804.jpg,"1 2269 909 2445 993,0 1610 1035 1670 1072,0 1605 948 1634 982,0 1484 862 1527 888,1 2125 504 2274 586,1 1206 597 1333 683,1 106 1329 281 1481"
3157.jpg,4 244 1944 349 2054
16734.jpg,0 2119 598 2418 803
14007.jpg,"0 1287 16 1351 58,0 1285 191 1312 216,0 1367 174 1410 203,0 1422 308 1508 362,0 1286 271 1341 308,0 1130 498 1169 533,0 1240 532 1289 570,0 365 592 398 618,0 808 745 845 774"
16760.jpg,0 2186 987 2752 1356
2234.jpg,"0 1177 3133 1194 3154,0 1167 3160 1181 3175,1 1296 2671 1350 2754,1 1231 3083 1292 3160,1 795 3020 870 3079"
2018.jpg,"1 3415 1858 3471 1955,1 3407 2127 3460 2222,1 3281 2335 3340 2428,1 3150 2886 3219 2970,0 3534 2454 3566 2486,0 3531 2546 3547 2573,0 3482 2551 3513 2581,0 3458 2670 3480 2691"
12594.jpg,"4 2392 1563 2412 1591,1 1241 1683 1463 1777"
10792.jpg,"1 2252 933 2429 1012,0 1569 1047 1627 1085,0 1622 958 1651 995,0 1523 833 1577 859,1 2117 519 2270 603,1 1080 594 1219 679,1 551 971 691 1085"
10744.jpg,"1 2193 994 2381 1078,0 1639 1125 1681 1162,0 1613 976 1653 1009,0 1708 898 1772 930,1 2111 557 2263 653,1 1043 834 1163 926,1 970 842 1084 971"
4875.jpg,"0 1697 1201 1812 1298,4 1353 820 1463 944,0 1794 1450 1847 1532"
11233.jpg,1 3112 62 3831 1106
1931.jpg,"1 2648 1154 2724 1235,1 1462 903 1557 962,1 1820 1094 1908 1166,1 1541 1095 1596 1190,0 1852 1082 1884 1102,0 2030 960 2064 986,0 2542 979 2563 993,0 2637 834 2677 858,0 2576 775 2609 799"
16736.jpg,0 2227 671 2551 889
4240.jpg,"1 408 752 497 782,1 636 835 704 863,1 738 636 812 660,0 419 897 435 909,0 244 836 259 852"
3494.jpg,"1 2565 405 2754 446,0 2363 482 2386 499,1 1150 249 1205 274,0 487 1256 706 1421"
15354.jpg,"0 1381 945 1533 1064,0 1277 482 1325 544,0 91 528 250 670"
15388.jpg,"0 888 173 1000 213,0 90 214 146 259,0 894 241 961 291,0 1189 302 1252 385,0 1008 365 1061 417,2 723 389 914 678,0 360 659 404 716,0 97 736 198 788"
16758.jpg,0 2306 914 2833 1255
2035.jpg,"1 4868 2304 4927 2383,1 4435 2094 4512 2149,1 4274 1960 4339 2038,1 4050 1933 4132 1976,0 4555 1878 4571 1896"
14047.jpg,"0 1425 54 1446 70,0 1385 100 1409 140,0 1474 199 1506 233,0 1369 198 1403 235,0 1197 390 1236 424,0 1278 403 1307 435,0 435 481 466 506,0 848 576 893 609"
2453.jpg,"1 3544 2268 3592 2336,1 3271 2729 3312 2799,1 3800 2821 3840 2893,1 3729 3022 3771 3091,0 4211 2263 4236 2289,0 3746 2783 3766 2801"
113.jpg,1 166 145 199 167
15972.jpg,"1 39 1679 170 1840,1 1046 998 1219 1088,1 1952 890 2134 975,0 215 2107 311 2160,1 1914 1545 2123 1651"
3001.jpg,"0 5334 905 5374 973,0 5382 1550 5414 1587,3 5416 1715 5456 1758,0 4787 1674 4829 1708,3 4813 1956 4843 1996,3 4735 1979 4769 2015,0 4808 2074 4845 2113,3 4843 2061 4869 2087,0 4090 2556 4130 2582,0 4083 2585 4126 2619,0 3982 2708 4007 2759,0 4037 2794 4080 2825,0 3766 2881 3802 2934,0 4089 2802 4141 2872,0 4229 2972 4267 3010"
15338.jpg,"0 595 868 667 910,0 1227 529 1289 594,0 1318 461 1397 520,0 1499 568 1541 603,0 258 649 294 692,0 1253 234 1304 270,0 681 251 744 302,0 533 232 570 268,0 802 745 919 852"
10786.jpg,"1 2240 940 2415 1025,0 1551 1058 1606 1094,0 1627 966 1658 1003,0 1558 827 1606 849,1 2115 520 2267 607,1 960 596 1119 686,1 719 849 880 943"
13993.jpg,"0 1261 6 1320 51,0 1262 193 1287 223,0 1372 193 1419 225,0 1451 322 1525 369,0 1285 292 1318 320,0 1133 521 1171 552,0 1272 563 1302 596,0 416 597 451 625,0 791 789 829 818"
12008.jpg,"2 3172 156 3222 218,0 3628 768 3664 795"
15356.jpg,"0 1583 596 1637 662,0 413 679 521 740,0 16 632 144 720"
2781.jpg,"4 3386 2133 3447 2197,2 2236 910 2377 968,1 1058 173 1207 457,0 1694 130 1746 194,0 2103 273 2119 310,0 2332 177 2351 216,0 2567 178 2590 211,0 2598 227 2616 260,0 2586 107 2607 140,0 2619 62 2643 92,0 2651 131 2674 162"
10455.jpg,"0 2533 959 2594 1001,0 2301 1340 2350 1394,0 2107 1254 2135 1284,0 1860 1331 1927 1413,0 2434 1387 2476 1449,0 2281 1502 2335 1538,0 3427 1455 3564 1536,1 2486 527 2708 754,0 933 1520 1023 1585,2 2414 536 2526 692,0 2341 1456 2389 1506,0 2478 1495 2541 1553"
1144.jpg,"0 2050 1990 2078 2032,0 2018 1974 2043 2005,0 1632 1841 1664 1869,0 1733 1745 1751 1776,0 1892 1661 1933 1694,0 1959 1698 1997 1730,0 2274 1521 2314 1568,0 2158 1640 2191 1680,0 1850 1525 1874 1548,0 1835 1421 1851 1438,0 1690 1441 1719 1482,0 1740 1088 1769 1116,1 2349 674 2465 752,1 2406 798 2480 917,1 2481 1114 2586 1208,1 3056 701 3172 776"
13949.jpg,"0 743 573 772 619,0 553 468 591 504,0 707 450 737 491,0 738 372 819 404,0 390 345 427 387,0 994 826 1047 890,0 826 818 863 858"
11596.jpg,"0 2152 1232 2242 1337,0 1835 1184 1931 1278"
16774.jpg,0 2058 1016 2515 1393
3466.jpg,"1 0 654 138 692,0 1724 1491 1990 1623"
13927.jpg,"0 758 919 818 976,0 392 776 422 813,0 679 746 729 800,0 710 592 745 640,0 262 553 317 598"
4052.jpg,"1 2936 1025 2958 1059,1 1927 1115 2009 1148,1 2449 1193 2505 1217,4 2098 1185 2115 1205,4 2920 1124 2932 1138"
14029.jpg,"0 1407 24 1435 45,0 1415 78 1434 100,0 1397 127 1446 159,0 1452 254 1529 311,0 1349 224 1370 254,0 1174 436 1199 461,0 1256 456 1284 492,0 412 540 443 565,0 851 656 881 681"
2228.jpg,"1 3416 333 3484 409,1 4086 1043 4140 1124,1 4509 1136 4592 1188,1 3988 1474 4029 1556,0 4189 1033 4213 1056,0 4220 1010 4251 1033"
3496.jpg,"1 2719 378 2915 421,0 2465 459 2486 474,1 1352 217 1405 242,0 255 1192 606 1367"
13991.jpg,"0 1264 4 1306 54,0 1258 192 1282 221,0 1379 187 1424 217,0 1446 311 1517 363,0 1280 286 1316 315,0 1123 521 1151 550,0 1255 559 1284 591,0 415 611 447 638,0 780 786 834 824"
10798.jpg,"1 2256 924 2434 1004,0 1593 1037 1652 1076,0 1612 952 1642 987,0 1500 845 1551 873,1 2117 508 2270 592,1 1153 597 1285 683,1 360 1129 529 1261"
1793.jpg,1 3968 126 4053 218
11615.jpg,"0 2110 1247 2197 1343,0 1851 1267 1935 1339"
12567.jpg,"0 1957 1677 2022 1735,0 1982 1411 2040 1479"
10822.jpg,"1 2300 881 2474 961,0 1743 1000 1826 1037,0 1592 942 1632 971,0 1435 929 1473 963,1 2143 491 2294 574,1 1306 611 1426 695"
14075.jpg,"0 1486 22 1506 45,0 1387 81 1420 112,0 1543 160 1569 187,0 1375 169 1407 207,0 1224 333 1252 368,0 1290 316 1318 346,0 436 445 465 469,0 868 555 903 583"
3486.jpg,"1 1959 536 2127 571,0 1892 605 1909 620,1 271 406 338 432,0 1390 1478 1604 1658"
187.jpg,"1 678 640 709 667,1 465 832 493 861,1 304 853 320 887,1 392 705 424 729,0 294 674 304 685,0 287 681 297 694"
11235.jpg,1 3047 0 3803 1105
3482.jpg,"1 1645 601 1806 633,0 1621 665 1639 679,0 1811 1493 1954 1640"
3379.jpg,4 3505 715 3564 798
16742.jpg,0 2131 773 2766 1059
15350.jpg,"0 756 531 845 631,0 942 379 1082 500,0 3 898 153 1030,0 1290 631 1361 707"
2162.jpg,"1 2591 1680 2675 1743,1 2384 2076 2466 2129,1 2722 2329 2799 2397,1 3279 2331 3353 2398"
12034.jpg,2 2019 428 2042 466
3102.jpg,"1 2372 1752 2636 1869,0 2707 1812 2782 1855,0 2792 1984 2830 2017,1 3750 1544 3918 1700,2 3796 1619 3925 1728,0 3586 2673 3636 2700,0 3405 2675 3432 2691,3 3409 2654 3438 2678,0 3159 2591 3188 2614,0 2995 2637 3024 2710,0 3082 2919 3122 2943,3 3081 2890 3106 2919"
15400.jpg,"0 1297 16 1451 173,2 505 64 988 844"
11582.jpg,"0 2218 1553 2367 1674,0 1961 1508 2039 1588"
16778.jpg,0 2047 761 2572 1165
11598.jpg,"0 2197 1103 2278 1198,0 1872 1068 1971 1138"
15980.jpg,"1 1176 1010 1361 1118,1 1999 906 2182 990,0 87 2100 158 2160,1 1709 1572 1934 1671"
12571.jpg,"0 1966 1063 2012 1161,0 1890 1341 1998 1417"
10772.jpg,"1 2223 951 2402 1040,0 1542 1068 1576 1095,0 1617 973 1666 1002,0 1650 820 1712 852,1 2105 531 2262 623,1 795 696 883 816,1 1031 803 1178 881"
12028.jpg,"0 1842 585 1875 604,0 1749 573 1770 590,2 2008 344 2038 384"
13981.jpg,"0 1247 0 1279 46,0 1227 184 1252 216,0 1364 203 1408 236,0 1441 296 1496 358,0 1255 299 1282 331,0 1105 517 1146 561,0 1255 562 1292 619,0 409 620 447 651,0 804 782 855 836"
10818.jpg,"1 2294 893 2470 971,0 1700 1012 1787 1048,0 1594 937 1625 973,0 1442 912 1480 949,1 2139 497 2286 580,1 1286 610 1411 694"
16784.jpg,0 1796 36 2599 892
14079.jpg,"0 1486 24 1506 46,0 1382 85 1413 113,0 1551 161 1576 188,0 1364 168 1392 201,0 1233 322 1271 366,0 1291 293 1320 325,0 448 419 476 441,0 876 540 912 566"
1842.jpg,1 641 1444 745 1505
14061.jpg,"0 1464 34 1499 58,0 1381 95 1414 127,0 1491 171 1526 198,0 1385 180 1428 219,0 1216 365 1250 402,0 1281 353 1312 383,0 426 462 457 488,0 844 551 892 589"
393.jpg,"1 610 30 744 88,1 617 430 702 547,0 340 567 373 605,1 142 673 267 743,0 375 904 434 926,0 510 818 533 842,0 593 916 636 932"
16193.jpg,"1 1940 266 2040 358,0 2449 415 2468 434,0 2270 647 2290 669,1 2180 219 2325 263,1 2869 576 3009 670"
16204.jpg,"1 1763 97 1890 243,0 2888 688 2923 724,0 2465 262 2490 295,0 2362 735 2419 791,0 2308 536 2335 571,0 2534 664 2580 703,0 2088 487 2143 540,1 3114 480 3313 606"
3522.jpg,"0 2908 446 2942 468,1 2847 124 2892 147,1 490 94 527 135,0 279 755 343 810"
12038.jpg,2 2020 418 2045 458
11251.jpg,1 2189 202 2631 1404
1240.jpg,0 2482 766 2552 904
2114.jpg,"1 1767 3467 1806 3554,1 1892 3252 1971 3309,1 1968 3288 2033 3359,1 2188 3280 2272 3320"
10417.jpg,"0 2891 1001 2946 1060,0 2677 1118 2729 1147,0 3344 1552 3397 1654,0 3091 1753 3132 1791,1 2385 666 2737 818,0 3462 1528 3554 1606,2 2313 745 2587 849,0 3464 1693 3538 1771,0 3486 1632 3529 1681,0 3687 1563 3754 1660,0 3095 1978 3190 2043,0 3618 939 3755 1009"
15390.jpg,"0 909 160 974 199,0 95 210 130 249,0 900 221 963 266,0 1190 280 1258 366,0 1016 341 1110 397,2 734 382 920 664,0 366 658 411 714,0 101 745 196 791"
12592.jpg,4 614 1617 634 1643
15392.jpg,"0 900 24 976 83,0 1447 127 1544 254,0 1108 235 1282 329,2 604 308 917 810"
10754.jpg,"1 2203 990 2388 1069,0 1609 1116 1656 1153,0 1618 977 1669 1008,0 1755 867 1790 921,1 2109 554 2263 646,1 1042 824 1173 915,1 943 834 1061 955"
12046.jpg,2 2028 478 2058 520
3012.jpg,"2 5194 178 5418 246,1 5274 264 5456 432,1 4808 2461 5174 2696,0 4450 1678 4487 1713,0 4091 1845 4126 1884,0 4178 1926 4229 1972,0 3809 2599 3891 2633,0 3677 2748 3718 2799,0 3702 2842 3729 2890,3 3722 2838 3761 2874,0 3464 3014 3494 3063,0 3067 3155 3133 3186,0 3159 3169 3188 3226,0 2369 3364 2446 3408"
3492.jpg,"1 2412 438 2595 476,0 2253 516 2275 535,1 949 293 1006 315,0 600 1355 921 1537"
13963.jpg,"0 1427 454 1463 485,0 1403 301 1444 346,0 1520 346 1556 376,0 1630 374 1667 412,0 1379 103 1420 146,0 1308 655 1364 689,0 1425 754 1476 813,0 1012 955 1065 1003,0 621 804 651 834"
15358.jpg,"0 1769 272 1825 339,0 655 311 789 433,0 295 305 425 409,0 1800 834 1914 944"
13977.jpg,"0 1242 8 1277 56,0 1218 205 1245 232,0 1369 225 1411 258,0 1449 295 1500 362,0 1245 329 1278 358,0 1106 537 1134 565,0 1236 585 1282 620,0 383 631 424 664,0 790 802 830 855"
14071.jpg,"0 1487 37 1506 59,0 1386 89 1412 124,0 1527 166 1552 193,0 1381 170 1409 212,0 1222 348 1261 382,0 1287 332 1314 360,0 447 444 475 467,0 847 546 895 590"
4026.jpg,"1 3001 1024 3024 1057,1 1918 1112 2000 1147,1 2613 1194 2671 1219,4 2105 1186 2122 1206,4 2914 1120 2926 1136"
2507.jpg,"2 2013 2823 2278 2905,0 251 2526 303 2622"
10830.jpg,"1 2308 863 2481 943,0 1823 977 1893 1015,0 1592 935 1632 962,0 1426 957 1465 986,1 2149 474 2296 558,1 1332 604 1466 689"
10423.jpg,"0 3503 1260 3575 1315,0 3181 1228 3238 1272,0 3569 1984 3665 2076,0 3188 1976 3237 2021,0 3396 1366 3453 1413,1 3187 735 3557 1008,2 3072 762 3316 965,0 3754 2027 3825 2112,0 3690 2105 3744 2160"
2497.jpg,1 1697 104 1910 262
10834.jpg,"1 2309 861 2480 941,0 1855 971 1921 1011,0 1597 937 1635 964,0 1433 977 1465 1003,1 2153 472 2302 556,1 1341 609 1477 696"
2109.jpg,"0 4364 533 4384 556,1 4728 272 4781 359,1 4581 535 4663 586,1 4513 471 4579 553,1 4266 531 4351 572"
14017.jpg,"0 1338 18 1402 59,0 1321 135 1356 188,0 1391 152 1431 184,0 1427 278 1513 337,0 1312 242 1355 277,0 1146 469 1189 498,0 1225 495 1274 528,0 372 568 407 595,0 831 708 866 735"
4440.jpg,"1 2611 764 2752 799,1 2303 1022 2489 1093,1 3514 894 3635 957,0 2897 695 2913 708,0 2938 723 2952 734,0 3050 700 3065 713,0 3086 784 3108 801,0 2870 678 2883 689,0 3220 789 3236 802,1 3388 740 3442 775,0 3110 696 3126 710,0 3132 742 3150 755,0 3300 729 3320 744,0 3269 814 3284 825,0 2826 730 2842 745"
13909.jpg,"0 719 281 762 317,0 774 579 825 625,0 412 753 448 785,0 928 203 964 244,0 1299 672 1348 710,0 727 29 755 61"
1990.jpg,"1 4317 2702 4386 2790,1 3770 2580 3852 2658,1 3546 2441 3617 2525,1 3257 2412 3350 2467,0 3800 2426 3843 2455"
15406.jpg,"0 1672 70 1795 303,0 1168 435 1341 578,2 525 546 930 1080,0 765 69 950 200"
14083.jpg,"0 1501 12 1522 33,0 1391 71 1431 99,0 1569 142 1592 171,0 1353 160 1405 198,0 1238 334 1256 356,0 1281 286 1310 312,0 455 413 483 436,0 877 531 910 567"
2749.jpg,"4 3946 45 4005 105,1 3075 1567 3210 1816,0 2415 1433 2449 1466,0 2326 1530 2348 1560,0 2227 1569 2259 1593,0 1667 1596 1729 1645,3 1698 1691 1723 1711,0 1918 922 1949 969,3 1900 975 1923 1003,0 2000 987 2021 1011,0 2067 881 2101 936,0 2201 973 2225 997"
3504.jpg,"1 3326 320 3551 376,0 2841 406 2865 425,1 2136 131 2184 154,0 170 887 381 977"
14003.jpg,"0 1268 7 1328 49,0 1281 172 1308 205,0 1360 162 1395 193,0 1423 288 1513 341,0 1291 255 1332 289,0 1128 488 1165 515,0 1243 518 1289 565,0 383 590 418 618,0 790 752 824 782"
3513.jpg,"0 3232 520 3266 542,1 3068 239 3114 262,1 835 180 871 217,0 612 711 740 765"
4242.jpg,"1 419 748 508 778,1 642 832 706 863,1 749 635 822 659,0 424 893 442 908,0 251 833 266 849"
2636.jpg,"4 1254 3971 1326 4060,0 2281 4099 2351 4169,0 2340 3935 2391 3982,0 2429 3978 2495 4049,0 2572 3935 2621 3973,0 2474 3684 2549 3739,0 2504 3577 2565 3619,1 1808 2583 2152 2709"
3506.jpg,"1 3492 332 3730 391,0 2940 414 2966 435,1 2335 134 2382 156,0 184 822 374 906"
13945.jpg,"0 945 830 975 877,0 713 694 753 726,0 886 669 924 719,0 910 559 1013 601,0 535 558 577 595"
13951.jpg,"0 736 576 763 615,0 555 470 591 506,0 698 448 733 488,0 740 376 784 406,0 382 344 426 385,0 999 819 1041 877,0 829 812 857 847"
14025.jpg,"0 1406 29 1440 51,0 1376 85 1419 129,0 1405 138 1447 171,0 1444 267 1525 326,0 1345 239 1373 284,0 1168 463 1192 488,0 1247 482 1283 526,0 395 552 426 577,0 847 683 882 708"
10457.jpg,"0 2503 782 2563 825,0 2249 1142 2310 1193,0 2060 1061 2089 1092,0 1813 1147 1871 1205,0 2393 1196 2432 1244,0 2241 1292 2295 1329,0 903 1307 996 1378,0 3397 1269 3522 1340,1 2455 340 2683 568,2 2391 344 2497 505,0 2293 1254 2334 1289,0 2424 1289 2488 1350"
3488.jpg,"1 2113 503 2289 540,0 2018 574 2038 591,1 506 367 569 391,0 1217 1435 1387 1607"
10748.jpg,"1 2195 994 2381 1077,0 1636 1131 1670 1157,0 1620 978 1653 1012,0 1725 891 1784 928,1 2112 552 2264 650,1 1042 829 1167 923,1 960 839 1074 967"
11253.jpg,1 2143 313 2576 1485
3242.jpg,4 2055 1346 2126 1423
10762.jpg,"1 2209 979 2390 1057,0 1579 1105 1615 1134,0 1623 974 1659 1007,0 1714 841 1784 886,1 2106 545 2261 637,1 873 791 999 902,1 1032 817 1177 899"
12018.jpg,"2 2047 106 2102 159,0 1775 552 1800 581,0 1884 560 1959 584"
14077.jpg,"0 1482 28 1502 52,0 1385 80 1417 110,0 1548 157 1573 183,0 1371 168 1401 205,0 1232 326 1268 378,0 1293 303 1321 330,0 447 435 475 457,0 872 546 909 572"
11611.jpg,"0 2120 1238 2209 1341,0 1881 1247 1943 1308"
3653.jpg,"1 347 675 515 788,0 2873 1279 2955 1325"
15982.jpg,"1 1244 1001 1433 1103,1 2028 911 2212 998,0 71 2089 154 2160,1 1687 1583 1916 1674"
12561.jpg,"0 1942 1479 1996 1528,0 1998 1222 2044 1303"
11607.jpg,"0 2149 1189 2236 1283,0 1887 1164 1985 1230"
2078.jpg,"1 2592 2732 2661 2803,0 2161 2471 2188 2492,0 2114 2606 2147 2632,0 2205 2520 2235 2543,1 2143 2717 2232 2753,1 2035 2658 2089 2742,1 1781 2708 1867 2746"
14057.jpg,"0 1457 40 1480 54,0 1378 99 1413 132,0 1481 176 1518 201,0 1385 188 1425 217,0 1221 369 1256 420,0 1285 366 1314 394,0 441 470 471 495,0 863 552 889 597"
4873.jpg,"0 1674 1357 1804 1451,4 1333 927 1448 1053,0 1785 1643 1835 1711"
1771.jpg,1 5370 1954 5456 2000
2198.jpg,"1 2524 1746 2581 1826,1 3096 2400 3135 2482,1 3476 2476 3550 2541,1 2942 2828 2992 2908,0 3206 2424 3226 2444,0 3315 2402 3333 2423"
16786.jpg,0 1834 395 2306 1263
11613.jpg,"0 2114 1266 2204 1360,0 1869 1263 1949 1329"
4438.jpg,"1 2552 757 2687 791,1 2387 1004 2561 1082,1 3451 880 3562 940,0 2819 687 2835 700,0 2865 714 2878 724,0 2970 695 2984 707,0 3014 773 3037 790,0 2791 671 2805 683,0 3150 777 3166 790,1 3304 728 3357 763,0 3033 688 3045 700,0 3052 731 3069 743,0 3217 720 3236 738,0 3191 799 3208 812,0 2757 723 2772 736"
15366.jpg,"0 1027 436 1080 487,2 1281 400 1387 590,0 904 474 955 513,0 654 397 673 423,0 964 189 990 215,0 1339 318 1386 347,0 1368 269 1391 292,0 1484 329 1507 355,0 1306 162 1329 191,0 837 176 867 199"
10441.jpg,"0 3121 1493 3201 1558,0 2781 1282 2820 1332,1 2999 778 3370 1144,2 2887 769 3069 1035,0 2432 2117 2487 2160"
10437.jpg,"0 3122 1627 3231 1707,0 2767 1430 2820 1478,1 3001 932 3371 1288,2 2896 923 3074 1185"
14009.jpg,"0 1312 15 1372 58,0 1295 183 1322 219,0 1378 167 1420 197,0 1425 303 1511 358,0 1301 264 1332 298,0 1128 500 1166 535,0 1230 527 1279 559,0 362 596 395 623,0 805 748 842 773"
13973.jpg,"0 1208 42 1242 65,0 1183 210 1208 239,0 1336 247 1370 274,0 1419 302 1461 367,0 1212 344 1244 378,0 1078 549 1106 576,0 1194 616 1239 649,0 380 645 412 677,0 767 822 803 876"
10756.jpg,"1 2201 984 2384 1064,0 1612 1120 1649 1149,0 1624 981 1663 1006,0 1752 864 1790 903,1 2111 550 2264 645,1 1041 817 1173 912,1 930 825 1053 943"
3511.jpg,"0 3148 476 3179 501,1 2852 199 2897 222,1 594 145 631 182,0 521 722 647 778"
4022.jpg,"1 3010 1022 3034 1056,1 1916 1112 1999 1146,1 2634 1195 2691 1221,4 2101 1184 2118 1204,4 2914 1120 2926 1137"
10427.jpg,"0 2530 1003 2571 1049,0 2173 933 2268 985,0 2424 1659 2526 1742,0 2083 1642 2126 1685,0 2376 1058 2424 1117,1 2305 496 2639 747,2 2203 515 2402 700,0 2585 1684 2649 1793,0 2514 1770 2579 1846,0 2432 1838 2513 1895,0 2721 1849 2812 1932,0 1410 2001 1610 2132,0 1859 1820 1911 1890,0 3438 1393 3608 1511"
15978.jpg,"1 1107 1015 1292 1119,1 1967 898 2151 983,0 101 2102 156 2160,1 1735 1566 1954 1665"
14053.jpg,"0 1445 28 1467 49,0 1380 84 1422 116,0 1477 163 1513 194,0 1383 168 1435 203,0 1219 372 1260 418,0 1291 372 1319 400,0 432 482 462 507,0 871 570 906 607"
116.jpg,1 104 480 136 503
10826.jpg,"1 2305 870 2478 953,0 1779 990 1863 1028,0 1590 937 1631 965,0 1434 942 1470 975,1 2143 479 2295 563,1 1321 607 1447 692"
13971.jpg,"0 1200 43 1232 65,0 1173 215 1198 247,0 1318 252 1354 281,0 1407 304 1445 363,0 1200 341 1230 388,0 1065 551 1124 597,0 1178 626 1223 659,0 400 651 431 681,0 760 818 806 869"
10812.jpg,"1 2282 895 2460 977,0 1656 1024 1727 1060,0 1585 943 1630 974,0 1457 892 1493 918,1 2134 497 2284 582,1 1260 603 1377 692"
16744.jpg,0 1979 766 2651 1075
15372.jpg,"0 1145 406 1171 424,0 898 404 914 425,0 792 418 808 435,0 1177 475 1201 495,0 1265 526 1293 574,0 1173 526 1198 550,2 1116 563 1172 720,0 924 654 945 686,0 836 679 866 708,0 639 604 659 627"
14039.jpg,"0 1430 69 1449 86,0 1405 112 1446 140,0 1485 229 1516 260,0 1367 218 1390 246,0 1195 420 1225 444,0 1261 430 1326 478,0 431 507 463 530,0 851 622 890 648"
4018.jpg,"1 3018 1020 3042 1056,1 1918 1111 1999 1146,1 2654 1197 2704 1223,4 2101 1184 2118 1204,4 2912 1119 2923 1136"
14055.jpg,"0 1449 37 1468 54,0 1375 93 1416 124,0 1476 171 1512 198,0 1378 177 1425 213,0 1222 368 1260 415,0 1287 371 1317 399,0 440 476 470 501,0 871 554 899 600"
10742.jpg,"1 2189 1000 2376 1079,0 1641 1123 1685 1151,0 1613 977 1655 1008,0 1687 901 1756 928,1 2114 561 2265 653,1 1043 841 1160 933,1 970 844 1082 971"
16780.jpg,0 2052 465 2730 1016
10465.jpg,"0 2353 1157 2472 1250,0 2886 1443 2950 1516,0 1523 934 1608 974,1 3394 651 3583 933,0 2877 1586 2946 1660,2 3331 622 3401 813,0 2762 1361 2854 1418,0 2767 1463 2812 1500,0 2703 1473 2763 1525,0 3241 1136 3299 1189"
12048.jpg,2 2020 481 2050 525
10752.jpg,"1 2198 993 2383 1074,0 1626 1124 1672 1165,0 1617 978 1657 1006,0 1751 877 1794 917,1 2109 552 2263 649,1 1043 828 1173 921,1 952 841 1063 964"
1549.jpg,"1 1855 2169 2014 2307,1 2004 2917 2176 3021,0 3286 2606 3365 2667,1 3539 2533 3695 2676"
3234.jpg,4 3345 3294 3416 3388
13959.jpg,"0 1664 738 1700 769,0 1615 550 1646 585,0 1746 602 1783 645,0 1861 618 1898 658,0 1573 316 1616 371,0 1522 970 1601 1013"
12579.jpg,"0 2188 554 2252 662,0 2044 754 2130 857"
1560.jpg,"1 4742 327 4931 440,1 4509 1429 4652 1593"
4867.jpg,"0 1655 1334 1790 1421,4 1317 861 1436 1006,0 1740 1687 1798 1781"
16079.jpg,1 2204 1268 2668 1891
12569.jpg,"0 1931 1639 2016 1744,0 1888 1931 1997 2019"
3126.jpg,4 484 890 567 961
3211.jpg,1 0 5097 376 5456
16740.jpg,0 2261 836 2781 1053
13985.jpg,"0 1238 1 1282 52,0 1224 195 1248 225,0 1360 204 1407 236,0 1433 312 1506 369,0 1245 299 1294 336,0 1112 529 1141 561,0 1249 567 1279 598,0 412 605 444 631,0 781 779 860 829"
3502.jpg,"1 3164 331 3378 384,0 2746 416 2770 434,1 1942 147 1989 170,0 73 956 401 1076"
10766.jpg,"1 2213 968 2397 1051,0 1568 1089 1600 1120,0 1631 976 1662 1004,0 1689 834 1759 869,1 2107 538 2261 630,1 836 756 939 874,1 1032 811 1176 891"
14005.jpg,"0 1279 12 1340 55,0 1270 184 1318 218,0 1360 173 1401 205,0 1426 302 1514 354,0 1293 261 1335 301,0 1138 487 1173 523,0 1243 518 1294 556,0 373 590 408 617,0 801 745 841 775"
1661.jpg,"1 1477 2879 1633 3005,0 1363 2677 1403 2732,0 169 2302 219 2372,1 136 2566 309 2644,1 437 1719 591 1850"
1908.jpg,"0 991 1658 1010 1687,0 1098 1783 1112 1813,0 914 1679 942 1727,0 977 2192 1001 2234,0 934 2336 956 2388,1 1320 1681 1411 1755,1 1868 2381 1941 2474,1 636 1111 679 1210,1 1239 2941 1285 3034"
10808.jpg,"1 2279 904 2456 986,0 1627 1026 1701 1066,0 1599 946 1640 977,0 1470 874 1508 901,1 2127 499 2276 582,1 1236 603 1351 690"
3717.jpg,"1 2113 196 2245 237,1 1704 1252 1917 1418,1 3173 191 3287 257,1 3331 562 3521 624,0 2570 345 2595 362"
10788.jpg,"1 2243 936 2421 1022,0 1562 1053 1609 1095,0 1620 961 1660 993,0 1538 829 1601 855,1 2112 521 2265 608,1 1000 591 1150 675,1 658 883 797 989"
10832.jpg,"1 2306 863 2482 941,0 1836 972 1912 1016,0 1588 934 1638 963,0 1427 961 1467 1001,1 2148 477 2298 559,1 1334 605 1468 692"
2551.jpg,4 1293 4712 1393 4868
15396.jpg,"0 1236 109 1426 262,2 419 207 933 949"
267.jpg,"1 957 680 988 707,0 1136 841 1150 854"
10425.jpg,"0 3055 1169 3103 1211,0 2698 1110 2782 1162,0 3036 1862 3132 1947,0 2671 1842 2718 1887,0 2918 1247 2969 1303,1 2775 638 3126 899,2 2661 659 2888 854,0 3237 1896 3284 1975,0 3133 1990 3200 2045,0 3046 2041 3146 2105,0 3359 2049 3464 2135,0 2452 2040 2511 2121"
11592.jpg,"0 2130 1556 2214 1637,0 1770 1524 1847 1624"
11619.jpg,"0 1836 1226 1899 1300,0 1593 1228 1671 1296"
4024.jpg,"1 3006 1022 3032 1057,1 1916 1111 1999 1146,1 2624 1194 2680 1221,4 2103 1187 2120 1207,4 2915 1120 2927 1137"
11594.jpg,"0 2131 1452 2227 1580,0 1803 1398 1878 1475"
3480.jpg,"1 1477 640 1642 674,0 1477 706 1498 722,0 1971 1495 2154 1659"
12030.jpg,2 2026 338 2053 381
13929.jpg,"0 996 701 1050 744,0 629 567 658 599,0 912 554 971 609,0 940 390 973 437,0 474 352 524 402"
12014.jpg,"2 2480 167 2547 223,0 2383 725 2412 757,0 2513 753 2610 777"
13997.jpg,"0 1251 1 1311 42,0 1257 182 1284 216,0 1350 174 1386 206,0 1424 311 1468 341,0 1268 277 1317 314,0 1119 513 1162 542,0 1242 543 1279 583,0 399 606 433 632,0 791 786 832 812"
11580.jpg,"0 2183 1563 2328 1689,0 1920 1503 2032 1579"
2898.jpg,4 1657 5434 1698 5456
2911.jpg,0 3264 4266 3335 4375
10433.jpg,"0 3011 1157 3087 1215,0 2687 1028 2725 1072,0 2703 1778 2807 1843,0 2383 1667 2430 1712,0 2092 1780 2132 1848,1 2911 616 3247 916,0 2665 1966 2758 2025,2 2820 623 2975 830,0 1374 1919 1589 1982,0 2951 2063 3093 2132,0 2792 1940 2852 1998,0 2872 1804 2918 1963"
11248.jpg,1 2853 149 3389 1338
16077.jpg,1 2200 1249 2666 1873
10774.jpg,"1 2225 956 2406 1039,0 1550 1070 1577 1094,0 1617 969 1665 1000,0 1638 821 1690 854,1 2109 529 2264 619,1 790 679 894 785,1 1022 793 1176 874"
14049.jpg,"0 1433 48 1461 68,0 1387 97 1411 138,0 1479 187 1515 220,0 1384 197 1407 224,0 1206 392 1235 430,0 1286 403 1318 431,0 434 475 464 498,0 845 582 893 617"
13935.jpg,"0 1093 590 1130 634,0 758 445 799 498,0 993 448 1046 500,0 1029 307 1069 351,0 575 283 627 329,1 0 212 172 589,0 1404 930 1440 972,0 1203 931 1257 990"
11617.jpg,"0 1975 1223 2062 1318,0 1755 1233 1835 1306"
12577.jpg,"0 2309 448 2367 546,0 2162 666 2257 741"
10828.jpg,"1 2308 870 2482 949,0 1803 986 1880 1030,0 1591 935 1631 961,0 1414 946 1467 981,1 2145 482 2293 566,1 1326 607 1457 693"
2378.jpg,"1 4637 1304 4679 1377,0 4614 1381 4638 1401,1 4416 1572 4443 1595,1 4205 1386 4252 1462,1 3495 2474 3560 2533,1 3601 1769 3661 1836"
11586.jpg,"0 2208 1582 2333 1701,0 1936 1531 2012 1599"
13917.jpg,"0 696 940 736 976,0 240 791 277 829,0 589 739 633 798,0 616 610 650 660,0 187 579 244 621"
10461.jpg,"0 2496 796 2554 836,0 2212 1160 2308 1202,0 2035 1079 2064 1110,0 1787 1140 1905 1233,0 2375 1190 2416 1267,0 2212 1303 2274 1343,0 910 1293 960 1353,1 2449 347 2674 572,2 2379 354 2487 511,0 2268 1269 2308 1303,0 2417 1312 2468 1395,0 3421 1267 3555 1334"
12555.jpg,"0 1894 1290 1937 1337,0 1941 1077 1992 1145"
10764.jpg,"1 2215 968 2395 1052,0 1565 1092 1597 1114,0 1628 976 1666 1005,0 1710 838 1764 870,1 2107 542 2261 634,1 853 776 970 888,1 1033 812 1178 892"
10429.jpg,"0 2949 1102 3009 1152,0 2628 963 2693 1002,0 2343 1615 2386 1657,0 2074 1713 2126 1807,1 2857 562 3173 855,2 2759 559 2921 766,0 2851 1806 2890 1886,0 2745 1890 2807 1950,0 2631 1910 2720 1970,0 2956 2039 3014 2082,0 1528 1840 1727 1907,0 2671 1727 2774 1801"
12557.jpg,"0 1941 1344 1991 1388,0 1996 1130 2037 1199"
3022.jpg,"0 4734 889 4758 923,0 3874 465 3932 527,0 3716 1178 3745 1209,0 3773 1260 3828 1322,0 3414 1530 3450 1580,0 3179 1503 3234 1539,3 3167 1466 3229 1517,0 2663 1769 2698 1817,0 2671 2385 2705 2425,0 2684 2467 2727 2510,0 2182 2347 2255 2388,1 1748 1717 2068 1952,0 2062 1734 2101 1773"
2366.jpg,"0 1067 2790 1084 2804,0 977 2832 996 2851,1 856 3009 908 3080,1 1200 2626 1255 2693,1 1287 2997 1351 3063,1 1930 2700 1992 2766"
12050.jpg,2 1966 486 1998 531
10782.jpg,"1 2233 950 2412 1031,0 1555 1050 1594 1088,0 1621 965 1660 999,0 1581 821 1630 844,1 2112 528 2264 616,1 878 614 1036 703,1 852 801 1021 885"
10816.jpg,"1 2289 894 2467 974,0 1689 1013 1759 1049,0 1592 942 1630 974,0 1441 905 1485 941,1 2134 491 2283 574,1 1282 605 1397 693"
3264.jpg,4 3815 996 3890 1078
15413.jpg,"0 929 865 1009 947,0 162 291 233 402"
2276.jpg,"1 1619 3501 1691 3561,1 2015 2622 2083 2689,1 1613 3141 1694 3179,1 1437 2753 1484 2827,0 995 2491 1024 2522,0 952 2538 975 2565"
10760.jpg,"1 2208 982 2392 1060,0 1588 1105 1618 1127,0 1624 977 1663 1003,0 1742 847 1785 885,1 2109 543 2262 636,1 1040 816 1177 907,1 894 807 1025 918"
3472.jpg,"1 899 732 1049 764,0 937 783 955 797,0 2096 1325 2314 1419"
12565.jpg,"0 1952 1731 2015 1796,0 2013 1448 2061 1539"
10784.jpg,"1 2237 943 2415 1028,0 1540 1054 1602 1096,0 1633 967 1661 1000,0 1554 824 1630 850,1 2112 527 2264 612,1 922 603 1080 690,1 787 821 955 907"
13941.jpg,"0 986 936 1019 982,0 712 794 743 828,0 912 774 950 831,0 935 664 1043 707,0 528 657 568 691"
12026.jpg,"2 1759 372 1790 407,0 1567 629 1630 648,0 1490 629 1507 646"
10794.jpg,"1 2253 925 2430 1007,0 1578 1048 1639 1084,0 1621 959 1651 997,0 1519 838 1568 864,1 2121 514 2268 599,1 1107 592 1244 676,1 493 1023 648 1141"
14041.jpg,"0 1428 63 1449 78,0 1405 104 1439 129,0 1491 221 1529 249,0 1372 201 1406 248,0 1202 415 1233 439,0 1274 423 1318 471,0 426 499 457 524,0 856 613 895 645"
14037.jpg,"0 1424 12 1451 35,0 1426 81 1445 97,0 1402 124 1443 153,0 1477 247 1512 280,0 1362 224 1392 259,0 1191 431 1216 452,0 1257 439 1313 492,0 428 512 460 539,0 862 631 898 654"
3312.jpg,1 3744 1499 4472 1719
15342.jpg,"0 1448 515 1532 608,0 1614 372 1756 478,0 347 0 500 69,0 634 883 869 1064"
10802.jpg,"1 2266 911 2445 992,0 1606 1040 1666 1078,0 1606 948 1639 987,0 1470 855 1531 887,1 2124 502 2272 587,1 1194 597 1318 685,1 179 1258 360 1408"
13915.jpg,"0 934 835 973 883,0 698 565 735 604,0 265 454 299 487,0 592 396 635 446,0 626 290 659 326,0 226 272 276 311"
15382.jpg,"0 1343 235 1424 276,0 791 83 839 158,0 539 255 619 309,0 1359 336 1412 372,0 1607 427 1675 509,0 1400 475 1472 528,2 1202 505 1400 787,0 848 740 929 810,0 632 830 701 876,0 246 652 279 690"
3470.jpg,"1 715 699 877 733,0 762 756 780 770,0 2099 1320 2236 1416"
13995.jpg,"0 1249 1 1314 48,0 1259 191 1284 219,0 1365 184 1405 218,0 1435 322 1510 361,0 1274 287 1317 322,0 1127 519 1172 550,0 1269 554 1296 587,0 401 596 434 623,0 792 793 832 820"
16202.jpg,"1 1974 126 2097 253,0 2630 321 2651 348,0 2455 723 2534 769,1 2366 0 2525 101,0 2441 551 2480 580,0 2248 480 2315 534,1 3216 561 3398 686"
4046.jpg,"1 2948 1027 2972 1060,1 1924 1117 2006 1151,1 2477 1194 2546 1218,4 2096 1191 2113 1213,4 2918 1126 2929 1141"
16083.jpg,1 2230 1262 2700 1892
15344.jpg,"0 1013 450 1109 551,0 1187 311 1343 425,0 165 823 407 1009,0 1537 514 1611 594"
1230.jpg,"1 3716 967 4056 1169,3 3769 1113 3814 1146"
13969.jpg,"0 1190 48 1225 72,0 1169 218 1210 252,0 1307 258 1344 286,0 1403 295 1437 354,0 1202 356 1238 382,0 1072 549 1118 591,0 1182 624 1217 665,0 411 657 439 686,0 775 821 822 861"
13911.jpg,"0 704 361 755 393,0 774 676 815 727,0 392 867 426 901,0 930 268 969 316,0 1323 765 1369 816,0 731 85 760 119,0 332 5 366 41"
10758.jpg,"1 2204 984 2387 1063,0 1601 1106 1639 1141,0 1621 978 1662 1009,0 1742 855 1787 904,1 2109 547 2262 638,1 1042 816 1177 910,1 915 819 1041 933"
16746.jpg,0 2142 597 2609 885
3476.jpg,"1 1141 705 1296 737,0 1161 764 1181 780,0 2080 1436 2207 1548"
13947.jpg,"0 849 704 880 745,0 636 577 676 614,0 795 561 833 606,0 825 464 926 506,0 465 458 506 491,0 1096 978 1195 1055,0 929 981 989 1031"
16732.jpg,0 2029 570 2377 762
15368.jpg,"2 1185 442 1259 582,0 927 518 956 547,0 741 456 758 476,0 1011 497 1031 529,0 1233 387 1259 420,0 1246 356 1270 373,0 1329 398 1349 420,0 1211 289 1226 308,0 962 302 987 327,0 874 299 894 317"
10810.jpg,"1 2279 898 2458 978,0 1639 1027 1716 1065,0 1588 941 1635 975,0 1450 880 1501 918,1 2129 497 2278 579,1 1249 601 1375 685,1 1 1550 115 1706"
4034.jpg,"1 2979 1026 3003 1059,1 1918 1117 2001 1151,1 2558 1194 2623 1220,4 2101 1188 2118 1209,4 2915 1126 2926 1141"
3519.jpg,"0 3359 590 3392 612,1 3342 283 3388 307,1 1062 236 1096 274,0 808 769 932 825"
10778.jpg,"1 2227 952 2406 1034,0 1542 1064 1579 1089,0 1625 968 1665 994,0 1607 819 1664 844,1 2110 527 2263 616,1 811 641 958 740,1 945 780 1126 853"
242.jpg,"0 881 366 893 378,1 1093 167 1110 202,1 525 506 547 537,1 550 749 581 777,1 627 691 656 721"
3189.jpg,4 3454 4689 3606 4843
16750.jpg,0 2121 667 2601 974
370.jpg,1 781 769 849 851
16075.jpg,1 2197 1222 2663 1848
13923.jpg,"0 704 992 755 1035,0 290 843 316 877,0 615 806 674 848,0 630 643 673 698,0 191 621 249 665"
3010.jpg,"1 4776 1500 4954 1579,1 4850 1600 5097 1732,0 4125 2818 4160 2845,0 3757 3006 3789 3035,0 3848 3055 3914 3116,1 4472 3556 4735 3632"
1896.jpg,"1 1459 4169 1515 4272,0 1951 5173 1985 5220,0 2008 5090 2030 5126"
13961.jpg,"0 1582 601 1622 632,0 1544 431 1581 473,0 1669 479 1708 517,0 1795 512 1832 550,0 1510 205 1553 261,0 1481 820 1526 867,0 1619 946 1658 1010,0 762 973 794 1006"
4032.jpg,"1 2985 1024 3009 1058,1 1916 1116 1999 1151,1 2571 1195 2636 1220,4 2100 1188 2118 1207,4 2914 1122 2925 1139"
14013.jpg,"0 1321 14 1384 58,0 1306 167 1331 202,0 1381 162 1423 193,0 1426 293 1513 349,0 1301 255 1348 288,0 1139 481 1171 515,0 1236 512 1278 541,0 357 588 395 616,0 815 735 851 761"
14035.jpg,"0 1417 19 1440 44,0 1419 87 1440 103,0 1407 128 1444 156,0 1477 252 1505 282,0 1356 228 1385 270,0 1191 434 1214 456,0 1261 444 1297 501,0 425 522 454 546,0 866 637 901 660"
460.jpg,4 308 522 357 568
12012.jpg,"2 2747 161 2817 224,0 2850 786 2879 818,0 2991 799 3102 838"
4054.jpg,"1 2932 1025 2955 1058,1 1930 1113 2011 1146,1 2442 1192 2495 1215,4 2098 1184 2113 1206,4 2921 1122 2933 1137"
2885.jpg,"4 3254 745 3300 802,2 4569 534 4678 596,0 4360 268 4381 287,0 4332 174 4363 213,0 4456 182 4485 201,3 4665 324 4683 343,0 4701 367 4751 393,0 4935 312 4956 337,0 5074 239 5102 265,0 4935 151 4957 169,0 4838 123 4858 144"
15408.jpg,"0 1594 137 1765 333,0 1121 564 1369 733,2 527 690 897 1080,0 662 209 941 360"
10780.jpg,"1 2233 952 2413 1035,0 1549 1055 1583 1086,0 1621 967 1662 1002,0 1589 823 1658 848,1 2106 528 2260 613,1 842 626 997 720,1 909 788 1080 868"
16738.jpg,0 2265 720 2653 941
2360.jpg,"0 2629 343 2640 357,0 2695 361 2710 386,1 2749 16 2794 92,1 2306 102 2379 157,1 2448 400 2503 476,1 1717 512 1775 583"
3719.jpg,"1 2173 190 2305 231,1 1873 1225 2081 1388,1 3227 183 3341 248,1 3410 554 3601 616,0 2645 340 2670 357"
10790.jpg,"1 2250 936 2428 1019,0 1569 1049 1621 1090,0 1623 960 1652 994,0 1540 829 1589 852,1 2115 517 2265 604,1 1044 590 1186 674,1 610 929 741 1030"
10746.jpg,"1 2196 992 2381 1076,0 1639 1129 1671 1154,0 1618 980 1654 1009,0 1709 891 1773 939,1 2111 558 2265 651,1 1045 832 1168 924,1 965 841 1080 968"
11590.jpg,"0 2113 1659 2213 1741,0 1786 1575 1859 1667"
1911.jpg,"1 3086 1197 3183 1246,1 2593 625 2678 712,1 1839 1136 1905 1230,1 1443 1881 1537 1939,0 1837 1549 1869 1576,0 2385 1521 2421 1548,0 2549 1551 2593 1582,0 1883 1615 1921 1643"
10431.jpg,"0 2960 1101 3026 1152,0 2643 968 2703 1008,0 2663 1709 2772 1778,0 2347 1601 2389 1643,0 2071 1714 2117 1795,1 2870 565 3190 864,0 2630 1898 2717 1954,2 2781 571 2934 782,0 1454 1832 1664 1890,0 2942 1984 3013 2063,0 2753 1856 2809 1934,0 2848 1778 2884 1863"
12042.jpg,2 2035 434 2063 475
15352.jpg,"0 812 810 916 912,0 1002 649 1136 753,0 1380 902 1450 976,0 888 178 953 239"
13967.jpg,"0 1194 43 1229 74,0 1179 218 1217 251,0 1312 261 1350 289,0 1419 293 1452 344,0 1209 352 1252 378,0 1089 542 1133 579,0 1200 617 1241 678,0 421 674 448 702,0 799 822 850 861"
14033.jpg,"0 1418 20 1439 42,0 1421 81 1438 102,0 1403 127 1447 150,0 1468 255 1502 289,0 1355 226 1380 260,0 1186 434 1212 458,0 1267 448 1319 497,0 424 524 454 549,0 858 637 891 660"
10451.jpg,"0 2648 857 2705 895,0 2455 721 2493 749,0 2394 1272 2448 1324,0 2179 1186 2210 1219,0 1922 1255 1991 1319,0 2367 1415 2435 1459,0 3562 1335 3704 1416,1 2579 396 2828 626,0 2524 1318 2570 1369,0 986 1428 1101 1476,2 2511 390 2627 560,0 2434 1375 2490 1432,0 2578 1420 2646 1465"
13965.jpg,"0 1250 45 1290 83,0 1247 222 1287 262,0 1367 266 1407 295,0 1474 308 1507 344,0 1270 355 1311 382,0 1147 561 1181 599,0 1267 640 1302 698,0 468 687 498 714,0 827 833 895 876"
13907.jpg,"0 737 260 776 319,0 776 581 840 626,0 435 761 468 797,0 945 183 983 232,0 1317 676 1358 741,0 727 25 763 69"
1003.jpg,"0 3552 191 3575 239,1 3646 37 3718 187"
11621.jpg,"0 1786 1211 1853 1280,0 1548 1209 1635 1280"
16782.jpg,0 2037 1 2881 807
13921.jpg,"0 709 1008 759 1060,0 288 858 316 892,0 616 807 670 856,0 647 665 677 705,0 195 639 253 686"
10445.jpg,"0 2761 1091 2836 1146,0 2539 953 2579 989,0 2498 1568 2581 1627,0 2266 1479 2301 1517,0 2489 1741 2560 1787,0 2002 1564 2068 1641,0 1030 1750 1181 1834,1 2707 600 2980 862,0 2649 1616 2694 1687,2 2642 610 2747 788,0 2574 1690 2619 1767,0 2713 1740 2793 1821,0 3756 1668 3840 1771"
3290.jpg,2 2446 2120 2560 2290
3498.jpg,"1 2870 358 3072 403,0 2564 437 2587 454,1 1549 185 1598 209,0 123 1133 454 1285"
12024.jpg,"2 1822 396 1857 439,0 1611 688 1677 709,0 1538 676 1555 695"
14073.jpg,"0 1489 24 1508 47,0 1390 82 1419 119,0 1531 163 1560 190,0 1382 177 1420 209,0 1225 342 1258 376,0 1293 321 1321 350,0 434 440 465 465,0 855 555 898 602"
379.jpg,0 65 206 104 230
11609.jpg,"0 2138 1231 2228 1334,0 1887 1222 1951 1281"
1500.jpg,"0 1448 1021 1533 1078,1 1205 958 1406 1052,0 1610 523 1700 599,1 2960 1064 3067 1270,0 3227 613 3267 677"
16748.jpg,0 2068 762 2573 994
3255.jpg,1 3269 4082 3632 4815
10770.jpg,"1 2218 960 2396 1047,0 1559 1077 1586 1101,0 1620 971 1664 1001,0 1660 824 1727 855,1 2107 534 2261 626,1 810 715 887 836,1 1034 805 1180 885"
15378.jpg,"0 1158 414 1185 431,0 892 370 913 394,0 768 426 785 443,0 1171 464 1200 484,0 1283 513 1312 558,0 1182 522 1207 544,2 1096 548 1180 688,0 904 654 931 687,0 808 691 839 714"
1109.jpg,"0 4107 575 4139 610,1 3804 732 3927 796,1 3764 793 3890 865,0 3970 153 4008 205,1 3312 0 3437 55,1 3620 269 3695 392"
13987.jpg,"0 1251 4 1288 56,0 1237 195 1261 227,0 1369 201 1418 232,0 1438 321 1510 374,0 1254 297 1313 334,0 1112 534 1146 561,0 1253 566 1287 607,0 404 597 437 624,0 787 786 836 824"
16762.jpg,0 2259 863 2831 1237
2486.jpg,"1 2506 2923 2571 2975,1 2393 3161 2426 3229,1 1972 2626 2028 2690,1 1921 2814 1986 2872,0 2411 2781 2433 2801"
14015.jpg,"0 1331 15 1393 58,0 1305 153 1340 210,0 1384 158 1427 190,0 1422 288 1508 345,0 1314 253 1353 282,0 1138 463 1177 523,0 1231 504 1275 538,0 365 579 401 606,0 821 721 855 747"
12553.jpg,"0 1863 1257 1903 1297,0 1908 1058 1951 1114"
3328.jpg,4 4880 1970 4940 2026
1037.jpg,"0 465 123 507 168,1 419 129 524 254,0 672 382 697 403,1 939 565 1066 673,1 846 560 927 695,0 781 591 803 612"
10750.jpg,"1 2195 989 2380 1073,0 1635 1130 1670 1159,0 1614 979 1655 1008,0 1733 883 1786 930,1 2112 555 2263 649,1 1042 828 1171 920,1 955 840 1070 969"
1786.jpg,"1 946 4158 1046 4227,1 1517 3376 1568 3483,1 1966 3745 2011 3853,0 2118 3861 2135 3888,1 2089 3888 2141 3992,0 1761 3597 1776 3616,0 1776 3619 1789 3634,0 1640 3682 1667 3727,0 1412 3752 1427 3769,0 1489 3841 1514 3865,0 1530 3876 1547 3892,0 1476 3893 1503 3921"
2990.jpg,4 2641 4173 2729 4265
1283.jpg,1 1449 316 1733 479
14011.jpg,"0 1314 17 1377 61,0 1307 178 1329 209,0 1383 164 1425 194,0 1429 294 1515 349,0 1310 263 1346 289,0 1133 491 1174 520,0 1233 517 1282 554,0 357 591 404 631,0 807 744 844 773"
15370.jpg,"0 1181 342 1201 360,0 929 353 957 376,0 830 354 851 372,0 1218 407 1237 432,0 1299 461 1326 497,0 1207 457 1227 480,2 1152 508 1208 652,0 969 572 990 596,0 881 602 908 625,0 689 530 707 549"
12036.jpg,2 2015 421 2038 459
10796.jpg,"1 2256 925 2434 1004,0 1589 1045 1647 1082,0 1615 952 1646 989,0 1506 843 1549 868,1 2117 510 2266 594,1 1133 592 1266 678,1 431 1070 614 1193"
4487.jpg,"0 3513 1358 3724 1556,0 3276 1193 3461 1399,0 3193 938 3440 1108,0 2395 347 2577 510,0 667 2001 1115 2160"
14065.jpg,"0 1451 28 1501 66,0 1382 84 1409 117,0 1501 164 1533 188,0 1375 170 1428 214,0 1212 339 1246 385,0 1287 329 1315 360,0 435 462 464 486,0 844 547 903 586"
13999.jpg,"0 1260 0 1315 31,0 1255 174 1286 211,0 1348 163 1381 193,0 1419 303 1455 329,0 1271 267 1316 305,0 1117 505 1160 534,0 1239 539 1284 569,0 395 604 430 631,0 790 778 835 805"
15398.jpg,"0 1283 33 1449 187,2 461 128 967 888"
16766.jpg,0 2045 659 2752 1195
13957.jpg,"0 1597 750 1647 788,0 1575 566 1617 598,0 1701 624 1740 668,0 1814 629 1845 664,0 1532 338 1577 388,0 1483 995 1557 1034"
3657.jpg,"1 347 670 523 779,0 2904 1279 2996 1323"
13975.jpg,"0 1223 25 1262 64,0 1198 204 1227 231,0 1358 237 1385 268,0 1437 302 1483 367,0 1228 332 1260 361,0 1092 544 1119 569,0 1215 603 1261 637,0 375 634 420 689,0 772 807 813 862"
4038.jpg,"1 2967 1026 2991 1061,1 1920 1116 2001 1150,1 2527 1194 2595 1220,4 2101 1190 2117 1211,4 2917 1126 2929 1142"
4869.jpg,"0 1684 1271 1809 1361,4 1334 850 1449 984,0 1777 1615 1826 1699"
15348.jpg,"0 706 425 774 524,0 874 280 1016 381,0 16 804 133 901,0 1209 506 1280 584"
13989.jpg,"0 1264 7 1303 56,0 1249 192 1277 225,0 1377 189 1423 220,0 1443 308 1508 364,0 1259 290 1310 331,0 1117 522 1142 551,0 1254 562 1285 594,0 403 605 437 633,0 759 792 842 830"
11603.jpg,"0 2197 1154 2290 1262,0 1895 1128 1989 1211"
10459.jpg,"0 2503 789 2562 831,0 2221 1153 2302 1201,0 2035 1071 2064 1100,0 1790 1139 1907 1209,0 2376 1183 2423 1270,0 2223 1293 2280 1330,0 904 1275 992 1358,0 3398 1262 3533 1351,1 2451 340 2678 567,2 2387 345 2492 506,0 2278 1258 2315 1290,0 2422 1294 2474 1365"
4042.jpg,"1 2958 1026 2981 1060,1 1921 1117 2002 1150,1 2499 1194 2570 1220,4 2098 1187 2115 1207,4 2916 1126 2928 1140"
12559.jpg,"0 1948 1395 1992 1438,0 1998 1159 2040 1239"
16768.jpg,0 1991 549 2604 1129
16081.jpg,1 2210 1282 2682 1907
1181.jpg,1 389 4803 713 4975
11601.jpg,"0 2184 1164 2284 1260,0 1881 1099 1968 1181"
3078.jpg,4 645 691 718 749
2716.jpg,"1 2123 1400 2308 1625,2 2697 2436 2745 2579,0 3212 3423 3270 3472,0 2795 3519 2835 3555,0 2717 3575 2756 3606"
4044.jpg,"1 2953 1027 2977 1061,1 1923 1117 2005 1150,1 2487 1195 2559 1219,4 2097 1188 2113 1208,4 2916 1126 2927 1141"
15415.jpg,"0 958 627 985 666,0 917 662 941 698,0 633 417 684 488,0 865 742 892 788,0 901 798 931 820,2 827 876 919 1063,0 402 862 437 897,0 522 1057 549 1076,1 1761 869 1918 998"
15970.jpg,"1 109 1637 240 1797,1 1063 990 1252 1088,1 1972 925 2153 981,0 264 2075 341 2132,1 2001 1559 2204 1658"
13913.jpg,"0 773 974 815 1038,0 938 494 971 536,0 719 263 748 299,0 308 176 336 208,0 609 120 648 165,0 639 24 672 65,0 273 13 324 50"
1032.jpg,"0 1230 3524 1260 3556,1 1010 3372 1098 3487,1 1148 3128 1235 3249"
10463.jpg,"0 2458 806 2512 844,0 2166 1169 2263 1210,0 1991 1091 2020 1120,0 1746 1177 1863 1241,0 2328 1200 2369 1270,0 2164 1310 2232 1352,0 844 1313 940 1368,1 2401 352 2626 577,2 2329 357 2441 513,0 2218 1254 2266 1313,0 2369 1322 2423 1381,0 3408 1280 3544 1353"
4040.jpg,"1 2962 1026 2985 1061,1 1921 1116 2003 1150,1 2513 1195 2584 1220,4 2100 1188 2117 1209,4 2916 1124 2928 1140"
10449.jpg,"0 2669 833 2729 875,0 2463 706 2501 734,0 2399 1232 2476 1282,0 2194 1152 2225 1183,0 1932 1215 2008 1285,0 2395 1377 2458 1415,0 3583 1299 3722 1377,1 2611 371 2864 604,0 2542 1271 2581 1330,2 2555 378 2648 537,0 2474 1347 2513 1395,0 2590 1374 2665 1426,0 968 1376 1131 1427"
13979.jpg,"0 1249 0 1284 48,0 1230 190 1257 220,0 1371 209 1417 244,0 1453 294 1507 357,0 1257 314 1288 344,0 1119 534 1162 570,0 1252 569 1293 616,0 396 625 437 656,0 805 781 847 862"
12020.jpg,"2 1927 235 1971 286,0 1704 633 1785 656,0 1615 627 1639 650"
479.jpg,"4 131 280 164 314,0 103 16 142 55,0 60 13 84 47"
2058.jpg,"0 2962 1686 2995 1714,0 2907 1780 2928 1798,0 2874 1701 2891 1715,1 3452 1987 3505 2079,1 2856 1923 2943 1967,1 2711 1846 2770 1931,1 2455 1880 2543 1920"
3484.jpg,"1 1803 567 1967 601,0 1758 632 1778 648,1 19 442 92 470,0 1596 1475 1869 1651"
2759.jpg,"0 4167 4 4184 23,0 4117 73 4162 112,0 4078 59 4103 94,0 3815 106 3839 131,1 3286 636 3509 811,4 2267 1239 2326 1303"
3500.jpg,"1 3022 337 3233 389,0 2660 424 2684 442,1 1744 160 1793 183,0 77 1045 310 1172"
